id,sex,age,1,2,3,4,5,6,7,8,9,10,11,12,13,14,15,16,17,18,19,20,21,22,23,24,25,26,27,28,29,30,31,32,33,34,35,36,37,38,39,40,41,42,43,44,45,46,47,48,49,50
20395,Vrouw,06/97,4,3,3,2,2,2,4,2,4,1,2,4,4,2,1,4,1,2,4,4,3,3,3,1,3,3,1,3,3,3,3,2,3,2,3,2,2,2,3,1,3,3,1,1,3,2,2,2,3,3
20959,Man,05/98,3,1,1,2,3,1,3,1,2,2,3,2,3,1,2,3,2,3,2,3,4,2,2,3,2,3,1,1,3,1,2,3,3,3,4,2,3,2,2,3,4,4,2,2,3,1,3,1,3,1
20959,Man,05/98,2,2,1,3,3,2,3,1,1,2,3,3,3,1,2,3,2,3,1,4,4,2,2,3,2,3,1,1,3,2,2,3,3,3,4,2,3,2,3,3,4,4,2,2,4,1,1,1,3,1
21088,Man,04/96,4,2,2,2,2,2,1,1,3,2,3,1,3,3,3,3,4,3,4,3,3,2,2,3,3,1,3,3,3,1,2,2,1,2,4,3,3,3,3,3,4,2,1,2,2,3,3,2,3,3
19756,Vrouw,10/96,4,2,1,1,1,1,4,1,3,2,3,1,1,1,2,2,3,4,4,4,4,1,1,4,2,2,2,4,2,4,2,2,2,3,4,2,2,3,3,2,2,4,3,3,3,2,3,2,1,2
20380,Vrouw,03/1988,3,2,1,1,4,4,4,1,4,2,2,2,3,2,2,2,3,2,4,4,4,2,4,2,3,2,2,3,1,3,2,2,4,3,4,2,3,3,3,2,4,4,1,2,3,2,3,2,1,2
20689,Vrouw,09/95,2,2,3,3,4,4,3,3,4,1,1,2,4,3,1,3,1,3,4,3,3,3,3,2,2,4,2,2,2,2,2,2,3,2,2,2,3,1,3,2,4,3,2,1,3,3,1,3,3,1
20497,Vrouw,04/97,2,2,2,3,3,4,4,1,4,4,3,1,3,3,2,3,2,3,4,4,4,2,2,2,2,2,2,4,2,3,2,2,1,2,2,3,3,2,1,1,3,3,2,1,3,3,2,3,2,2
20830,Vrouw,07/1997,3,3,3,3,4,1,1,3,1,3,3,3,1,3,4,3,4,3,1,1,1,3,3,4,3,4,1,3,3,1,2,1,4,1,4,1,2,1,3,1,4,2,1,1,4,4,1,1,4,3
20524,Vrouw,10/1997,2,2,2,3,2,3,3,3,4,2,2,2,4,4,2,3,1,3,4,3,1,3,3,2,3,3,3,2,2,3,2,2,2,2,3,2,3,2,3,2,3,3,2,2,3,3,2,2,2,2
20374,Vrouw,08/1997,2,4,1,4,1,4,4,1,4,1,1,1,4,2,1,4,1,2,4,4,3,4,4,1,1,4,1,2,2,3,1,1,4,1,4,1,1,1,4,1,4,4,2,1,4,4,1,2,3,1
20716,Vrouw,05/1997,2,2,1,2,1,3,4,1,4,2,2,1,3,2,1,2,1,2,4,4,3,3,2,2,4,3,2,3,1,3,1,2,2,1,2,1,3,1,2,2,3,4,2,1,4,3,2,3,1,2
20521,Vrouw,15/12/1997,3,3,3,3,3,3,3,3,3,3,3,3,3,3,3,3,3,3,3,3,3,3,3,3,3,3,3,3,3,3,3,3,3,3,3,3,3,2,3,3,3,3,3,3,3,3,3,3,3,3
21403,Vrouw,02/1997,2,2,1,4,3,3,4,1,4,2,2,3,4,3,1,3,1,3,4,4,2,4,3,2,2,3,3,3,2,2,3,2,4,1,3,2,2,1,3,1,3,1,2,1,2,3,1,2,3,1
20743,Vrouw,07/1997,2,3,3,3,3,3,2,3,2,3,2,3,3,3,3,2,2,2,2,2,2,2,2,2,2,2,2,2,2,2,2,3,3,3,3,3,3,3,3,3,2,3,3,3,3,3,3,3,3,3
21136,Vrouw,04/1997,2,3,3,3,3,2,4,3,3,1,1,2,4,1,1,3,1,2,2,3,4,3,2,1,2,3,2,3,3,2,1,2,3,1,4,2,2,1,3,1,3,2,3,1,3,4,1,2,3,1
20602,Vrouw,06/97,1,2,1,4,4,4,4,1,4,2,2,4,4,3,1,3,1,4,4,3,3,3,4,1,2,3,3,2,3,2,3,2,3,2,3,2,3,2,4,1,4,2,1,1,4,3,1,2,2,2
20422,Vrouw,10/97,2,2,1,3,2,4,4,2,4,1,1,3,4,4,1,3,1,4,4,3,3,4,4,1,1,2,3,2,3,3,2,3,4,1,3,2,2,1,3,4,4,4,3,1,3,4,2,2,4,3
20755,Vrouw,05/97,2,2,3,2,2,3,1,3,1,3,3,4,1,4,3,1,3,1,1,1,2,1,2,3,3,1,2,2,2,2,4,2,1,3,2,3,2,3,1,4,1,2,2,3,2,2,3,2,2,3
20377,Vrouw,05/97,1,2,1,2,2,3,4,3,4,3,3,2,4,1,1,2,2,4,4,3,3,1,3,4,2,2,2,3,2,3,1,2,2,3,2,2,2,3,3,1,4,3,3,2,3,2,2,3,4,3
21385,Vrouw,09/96,1,2,2,3,3,3,4,1,4,1,1,3,4,2,1,4,1,3,4,3,3,4,4,4,4,4,3,1,2,2,2,3,4,1,3,1,1,1,4,3,4,1,3,1,3,4,1,1,2,2
20227,Vrouw,10/1990,4,3,1,1,2,2,4,1,1,2,3,2,1,1,2,2,1,3,1,3,4,2,1,3,2,2,2,2,1,2,2,2,3,1,1,1,2,2,4,3,1,3,2,2,2,2,1,2,2,2
21661,Vrouw,04/1997,3,2,1,2,3,3,3,1,1,3,4,1,1,4,3,4,1,4,4,2,1,1,4,2,3,4,3,3,4,3,1,2,4,3,2,2,3,3,2,4,3,2,4,2,3,1,2,3,4,4
20227,Vrouw,10/90,3,2,1,2,1,1,4,1,1,3,2,1,1,1,3,2,2,3,1,3,4,3,1,3,2,2,2,2,1,3,1,2,3,2,1,1,1,2,4,2,1,3,2,2,2,2,1,2,1,2
20245,Vrouw,15/05/1997,2,2,1,3,4,4,2,1,4,1,2,3,4,3,1,3,1,3,4,3,3,2,4,2,3,2,3,2,2,3,2,2,3,2,3,4,4,2,3,1,3,2,2,1,3,4,2,2,2,1
20641,Vrouw,1997,2,3,2,2,4,4,4,1,4,2,1,2,4,1,1,2,1,2,4,3,3,4,3,2,2,4,3,3,2,3,3,3,3,1,3,2,3,1,3,2,3,3,3,1,2,3,1,3,1,2
20629,Vrouw,12/1997,2,2,2,3,4,4,3,3,4,2,3,3,4,3,3,2,2,3,4,3,3,3,3,2,4,3,2,3,3,3,2,2,3,2,3,2,3,2,2,1,4,2,1,2,3,1,1,2,2,2
21193,Vrouw,04/97,2,2,2,3,2,3,3,2,3,2,2,2,4,2,2,2,2,3,3,3,2,3,3,2,3,3,2,2,3,2,3,2,3,3,2,2,2,2,2,3,2,3,2,2,2,3,2,2,2,3
20887,Man,03/96,2,3,1,3,1,3,4,1,4,1,2,2,3,1,2,4,3,3,4,4,4,4,3,4,4,4,1,2,2,4,1,2,4,2,4,1,2,2,3,1,4,4,3,3,4,3,2,1,2,2
20902,Vrouw,04/1997,3,3,1,3,3,4,4,1,4,1,3,2,2,2,1,3,2,4,4,3,3,2,4,2,2,3,1,3,1,4,2,2,3,2,1,1,2,2,4,1,4,4,2,2,3,2,2,3,1,1
20362,Vrouw,10/1997,1,2,2,2,2,4,4,1,4,1,2,3,4,3,1,3,1,3,4,3,2,3,4,2,4,3,2,2,4,3,2,2,3,1,2,2,2,1,4,2,4,3,2,1,3,2,1,2,3,2
21367,Vrouw,06/97,3,2,1,2,2,2,4,1,3,1,1,1,1,1,1,2,2,3,2,4,4,4,1,2,2,4,1,3,3,3,2,2,3,1,3,2,1,1,4,2,4,3,2,2,3,4,2,2,2,1
20965,Vrouw,maart 1997,3,3,3,3,1,1,3,3,1,3,2,1,2,4,4,3,3,1,1,1,1,4,1,4,1,2,1,3,1,1,2,1,2,3,4,2,2,2,4,3,1,2,4,3,3,3,2,2,1,3
21034,Vrouw,07/94,2,1,2,4,2,2,4,2,4,3,3,3,4,3,2,3,1,4,4,3,3,3,2,2,3,3,3,3,3,4,1,2,3,2,3,2,3,1,4,2,4,2,2,1,3,2,2,3,3,3
20869,Vrouw,07/97,1,3,1,2,2,2,4,1,2,2,2,2,4,1,1,3,1,3,3,3,4,2,3,1,1,2,1,1,3,2,2,2,3,1,4,3,1,1,4,1,4,3,2,1,3,3,1,1,4,1
21079,Man,01/96,4,3,1,1,1,4,1,2,4,4,4,2,1,1,3,2,2,3,4,4,4,1,3,4,2,1,2,2,2,2,2,3,2,2,3,2,3,2,3,1,3,1,3,4,4,3,3,3,2,2
20809,Vrouw,22/12/1997,2,2,3,2,4,4,3,3,4,1,1,3,4,3,1,3,1,2,4,2,4,4,4,1,3,3,3,1,3,4,2,2,3,1,1,2,3,1,3,3,4,1,2,1,3,3,2,2,2,3
20266,Vrouw,01/1997,3,2,2,3,2,3,3,2,4,2,2,1,1,2,3,1,1,4,4,4,2,3,2,3,3,3,2,4,2,3,2,3,3,3,2,2,3,2,3,1,3,2,1,2,3,2,3,2,1,3
20947,Vrouw,07/97,2,2,2,3,2,3,3,1,3,1,1,2,3,2,1,2,1,2,4,3,2,3,3,2,1,4,1,3,3,4,2,1,3,1,3,2,1,1,2,1,4,2,2,1,2,4,1,2,4,1
20815,Vrouw,07/97,3,4,4,3,2,2,2,3,1,3,3,3,1,1,4,2,3,2,1,3,2,3,2,2,2,3,3,3,2,2,3,3,2,3,2,3,3,3,3,1,1,2,3,4,2,3,3,3,2,1
20494,Vrouw,03/97,2,3,2,3,2,2,2,2,2,1,1,3,4,4,1,3,1,3,3,3,4,3,4,1,4,3,2,1,2,3,2,2,3,1,3,3,3,2,3,2,3,2,3,1,3,4,1,2,4,2
20281,Vrouw,09/96,2,2,2,2,2,4,4,2,4,2,2,2,4,3,3,3,3,2,4,3,2,4,2,1,2,4,2,2,3,2,2,3,3,2,3,2,2,2,2,2,4,3,3,3,3,3,2,2,3,2
21211,Vrouw,10/97,4,1,1,2,1,2,2,1,3,3,3,1,2,1,1,1,2,1,3,4,4,1,1,4,1,2,2,2,3,3,2,1,3,2,3,2,2,3,1,1,2,4,1,3,3,2,2,2,3,1
20974,Vrouw,21/07/1997,1,4,4,2,2,4,3,1,4,2,2,2,3,1,1,3,1,3,4,4,4,3,4,2,2,3,1,2,1,3,1,3,2,1,4,3,1,2,4,1,4,3,2,1,4,2,1,1,1,1
20311,Vrouw,23/08/97,2,3,1,3,2,2,4,2,4,1,2,2,4,3,2,4,1,3,4,3,3,2,3,1,1,3,2,3,3,3,2,2,3,1,3,2,3,2,4,2,4,3,2,1,3,3,2,2,3,2
21040,Vrouw,06/1997,2,1,2,1,3,3,2,1,4,2,1,3,2,3,2,2,2,3,4,4,3,3,4,3,3,2,2,3,4,3,2,2,2,2,2,2,2,2,2,2,2,2,1,1,2,3,2,2,3,2
21046,Vrouw,18/97,3,3,2,4,4,3,2,3,3,3,3,4,2,2,4,2,3,3,3,2,2,3,4,2,2,2,3,1,3,4,3,2,3,3,1,3,2,3,2,3,1,2,3,4,2,3,3,1,2,3
21076,Man,05/96,3,2,2,4,1,3,4,1,4,2,4,3,4,3,3,4,2,3,4,3,4,1,3,2,1,2,1,1,2,3,1,2,3,2,4,1,2,3,4,3,4,4,3,2,3,3,4,2,3,2
20941,Vrouw,04/1997,4,1,2,2,1,1,3,2,4,2,2,1,4,2,1,1,1,3,4,4,3,3,2,1,3,2,2,2,2,4,2,4,4,3,2,1,4,2,2,3,4,3,2,2,3,2,2,3,2,2
21019,Vrouw,12/96,1,2,2,3,3,2,4,1,4,1,2,3,3,2,2,3,2,2,4,4,4,3,3,1,2,3,3,3,3,4,2,3,3,1,1,2,2,2,3,1,4,3,1,2,2,3,2,3,1,1
20659,Vrouw,10/97,3,2,1,3,2,1,3,1,3,2,3,2,4,3,2,3,2,3,3,4,4,2,3,1,2,3,3,3,4,3,2,2,4,2,4,3,2,3,4,1,4,3,2,2,3,3,3,3,2,1
20761,Vrouw,07/97,2,1,1,2,3,4,3,2,4,2,2,3,4,2,2,2,2,2,4,3,3,3,4,2,2,3,2,2,3,2,1,2,3,2,3,2,2,2,2,1,4,3,2,2,3,3,2,3,3,1
21373,Vrouw,12/1997,3,3,3,2,2,2,2,2,4,3,3,2,4,4,1,4,2,3,4,3,1,2,3,1,1,4,3,3,4,4,2,2,1,2,2,1,3,2,3,1,4,3,2,2,3,2,1,3,3,2
20821,Vrouw,04/97,2,3,1,1,3,4,2,1,4,1,1,2,3,2,1,2,1,1,4,3,4,4,3,2,3,4,2,1,1,1,2,4,2,1,1,2,4,1,2,1,4,3,4,1,1,3,1,3,2,1
20878,Vrouw,12/1997,3,2,1,1,2,4,4,4,3,1,3,2,2,3,1,3,2,4,4,3,3,3,4,1,2,1,2,3,1,3,2,2,1,3,4,3,3,4,4,1,4,1,2,3,2,2,3,3,4,2
21055,Vrouw,01/1997,2,1,1,2,1,2,4,2,4,4,3,2,3,2,2,3,3,3,4,2,3,2,3,2,3,3,2,3,2,3,2,1,3,2,4,3,3,2,3,2,4,3,2,2,2,2,2,3,2,2
20779,Vrouw,01/97,4,2,1,3,2,3,4,1,4,3,2,2,4,2,3,3,2,4,4,3,2,2,3,1,3,2,3,3,1,2,2,3,2,2,1,2,2,3,4,1,4,2,2,3,2,2,2,2,1,2
21616,Man,22/08/1997,2,4,1,4,2,2,4,1,4,2,1,1,4,2,2,4,1,4,4,4,4,4,2,4,1,3,3,4,2,2,2,2,4,1,3,2,2,1,4,1,4,4,4,1,4,4,1,2,2,1
20647,Vrouw,02/1997,1,1,1,2,3,3,4,1,2,2,1,2,4,3,2,2,1,2,3,3,4,4,4,2,4,4,2,3,2,3,2,3,3,1,3,1,2,1,3,2,3,3,1,1,3,4,1,3,4,3
20791,Vrouw,09/97,2,2,3,3,4,2,1,3,1,3,2,4,3,3,3,2,3,2,2,2,1,3,2,3,2,3,2,2,1,2,3,2,3,2,2,3,2,2,2,3,2,2,4,3,2,3,2,2,2,3
20398,Vrouw,05/97,2,2,4,3,1,4,4,4,4,2,2,1,3,2,2,3,2,2,4,2,3,2,4,2,2,3,3,3,2,3,3,2,2,2,2,2,3,2,3,2,4,2,2,2,2,2,2,3,3,2
20752,Vrouw,05/95,4,1,1,2,2,1,4,2,2,4,4,2,1,1,3,2,4,4,3,3,4,1,2,3,2,1,3,2,1,2,3,4,1,4,4,3,4,4,2,3,4,3,2,4,1,1,3,2,2,2
20257,Vrouw,06/1981,3,3,2,2,1,3,4,2,3,1,1,1,1,2,3,4,2,3,3,3,4,3,2,1,2,3,1,1,3,2,1,2,3,2,4,2,1,2,4,3,4,3,1,2,2,3,1,2,1,2
20746,Vrouw,05/1997,4,3,1,3,3,1,1,2,2,2,2,2,2,1,2,1,4,1,4,4,4,3,2,2,4,2,1,3,3,4,1,1,3,2,3,1,1,3,2,4,4,3,2,3,3,3,2,3,3,4
20935,Vrouw,01/1998,2,2,2,3,2,3,4,2,4,3,3,2,3,3,1,3,1,4,4,3,4,1,4,1,2,1,3,2,2,3,1,2,1,2,1,2,2,3,4,2,4,3,1,2,3,2,1,3,1,2
20458,Vrouw,07/1997,2,2,2,3,1,1,2,1,1,1,3,1,4,1,1,3,1,1,3,2,3,1,3,4,3,3,3,3,3,3,3,3,4,2,1,2,3,3,2,2,3,3,2,2,2,1,2,3,4,2
20548,Vrouw,05/97,2,3,2,1,4,4,4,1,4,4,2,4,4,3,1,4,1,2,4,3,4,1,4,1,3,2,3,2,1,2,3,4,3,1,3,3,2,2,3,1,4,2,3,1,3,2,2,3,2,2
619000,Vrouw,04/97,1,2,2,3,2,2,4,2,3,1,1,1,4,2,1,4,1,3,3,3,1,4,2,1,2,3,2,3,1,3,2,3,4,1,2,3,3,1,4,1,4,2,1,1,2,3,1,3,2,2
20839,Vrouw,11/97,2,1,1,1,4,4,3,2,4,2,3,3,3,4,3,3,2,3,4,3,2,2,4,2,3,2,2,2,2,3,1,2,3,3,3,2,3,3,2,4,4,3,2,3,2,1,2,3,3,4
20674,Vrouw,04/97,2,2,1,2,3,4,2,2,4,3,3,1,2,4,1,3,2,4,4,3,1,3,1,3,2,3,2,4,4,2,1,3,2,1,2,2,3,3,2,2,4,3,2,2,3,2,1,3,3,3
20569,Man,11/1995,3,2,1,4,2,4,4,1,4,2,2,2,3,1,3,4,4,4,4,3,2,3,4,2,1,3,2,3,3,3,1,3,3,3,3,1,2,3,4,2,2,4,2,3,4,2,3,2,3,2
21112,Vrouw,07/1996,2,3,1,2,3,3,3,1,3,1,1,3,4,1,1,3,1,3,3,3,2,4,3,2,1,4,1,2,3,3,1,2,3,1,3,1,3,1,3,1,3,2,2,1,3,4,1,3,3,1
20356,Vrouw,10/04/1997,2,3,2,2,1,2,3,2,4,2,2,2,4,2,2,3,1,2,4,3,3,4,2,2,3,3,2,3,3,2,3,2,3,2,3,3,2,1,2,3,3,2,2,1,2,4,1,2,4,2
20710,Vrouw,03/97,3,2,3,3,2,1,2,3,1,2,4,2,3,2,4,2,4,2,1,1,1,2,1,3,1,2,3,3,3,2,4,4,2,4,2,3,3,3,1,3,1,2,2,3,1,2,3,3,4,3
21157,Vrouw,24/12/1997,2,2,1,2,3,2,4,1,4,1,1,2,4,4,1,3,1,2,4,3,3,4,4,2,2,3,4,3,2,2,2,3,3,1,2,3,2,1,3,2,4,2,1,1,3,3,1,2,2,3
21391,Vrouw,oktober 1997,2,1,1,3,2,2,4,1,4,1,1,2,3,3,1,3,1,3,4,4,3,3,3,2,3,4,2,2,3,3,2,1,3,1,3,1,1,1,4,2,4,2,2,1,3,3,1,2,2,3
20764,Man,06/97,1,3,1,2,2,4,4,1,4,2,3,2,4,2,2,4,2,4,4,4,4,3,4,1,4,2,2,3,2,4,1,1,4,1,3,1,2,2,1,2,4,1,2,2,4,4,2,3,1,2
20572,Vrouw,05/1997,3,2,1,2,4,3,4,1,1,1,1,2,4,4,1,3,1,2,1,3,4,4,2,1,1,2,3,3,3,1,1,1,3,1,4,2,1,1,1,1,4,3,1,1,3,3,1,4,4,2
20299,Vrouw,07/97,2,1,3,2,3,3,4,3,4,2,2,2,4,4,3,3,2,4,4,3,3,3,2,1,2,3,3,4,2,4,2,3,3,3,3,2,3,2,2,4,4,2,3,2,1,3,2,3,3,4
21601,Vrouw,09/1996,4,4,2,1,2,2,4,3,3,2,2,2,1,2,2,2,3,3,2,3,3,4,3,3,2,3,2,4,3,2,3,2,2,2,3,2,2,3,3,1,3,2,2,3,3,3,2,3,2,2
20401,Vrouw,10/1996,2,2,1,3,2,4,4,1,3,1,2,3,4,4,1,2,1,3,4,3,3,2,4,2,2,4,2,1,3,4,2,1,3,2,4,1,1,2,2,3,4,2,2,1,2,2,1,3,3,1
20734,Vrouw,02/09/1996,2,2,2,2,1,1,1,1,1,1,1,1,4,4,2,4,2,3,2,3,2,4,2,4,1,3,3,1,2,2,3,1,1,1,2,1,1,1,3,3,1,2,3,1,2,2,1,2,1,4
21049,Man,08/96,2,2,2,2,3,3,3,2,4,2,2,2,3,3,2,2,2,3,3,3,3,3,3,3,3,3,3,3,4,3,2,3,3,3,3,3,2,3,3,3,3,2,2,3,2,3,2,3,3,3
21085,Vrouw,06/97,2,3,1,2,4,4,4,1,4,1,1,3,4,1,1,4,1,2,4,4,4,4,4,1,4,3,1,1,2,4,1,1,3,1,4,1,2,1,4,1,4,4,3,1,4,4,1,3,4,1
20950,Vrouw,01/1997,2,3,2,2,1,2,3,2,2,2,2,1,3,3,2,3,2,3,3,3,3,3,2,2,3,3,2,3,4,4,2,1,3,2,3,2,2,2,2,3,3,2,2,2,3,3,2,3,4,2
20863,Vrouw,03/97,3,4,1,3,2,1,3,1,1,2,3,1,4,2,2,3,2,3,2,4,3,3,2,2,4,3,2,3,3,3,2,2,3,2,4,2,2,2,3,1,3,3,2,2,3,2,2,3,3,2
20287,Man,02/91,2,2,2,2,2,2,2,2,4,3,3,2,2,3,2,3,2,2,3,2,2,2,2,2,2,2,2,2,2,3,2,2,2,2,2,2,3,2,2,2,3,2,2,2,2,3,2,2,2,3
21160,Vrouw,05/97,2,1,1,2,4,2,2,3,4,2,1,2,3,1,1,4,2,2,4,3,4,3,4,2,3,2,2,3,3,2,2,4,3,2,2,2,3,2,1,2,4,3,1,1,3,2,3,2,3,2
20794,Vrouw,10/1997,1,2,2,3,3,2,3,2,3,2,2,2,3,3,3,3,2,3,3,2,3,3,2,2,3,3,2,3,3,3,2,3,2,2,3,2,2,2,3,2,4,2,2,1,3,2,2,3,2,2
20428,Vrouw,12/1997,2,2,2,4,3,4,4,1,3,2,2,3,4,4,2,3,2,4,4,3,4,3,2,2,3,3,2,3,4,3,2,2,3,1,2,2,2,2,3,2,4,2,1,1,3,3,1,2,2,3
20425,Vrouw,09/96,2,1,2,1,4,2,4,1,4,3,4,2,1,1,3,1,3,4,4,2,4,1,3,2,4,1,4,3,1,2,4,4,1,3,2,3,4,4,3,1,4,2,1,3,1,1,3,2,1,1
20224,Vrouw,01-02-1997,3,2,2,4,1,1,1,1,4,2,1,2,4,1,1,4,1,3,4,3,1,4,4,1,2,4,3,2,4,4,2,3,2,1,2,2,3,1,2,4,4,3,2,1,3,3,1,4,3,4
20452,Vrouw,02/97,3,3,3,3,3,4,4,2,3,3,2,3,4,3,2,4,2,3,2,3,4,2,4,2,2,3,3,2,2,3,2,3,4,2,3,2,2,1,3,2,3,3,2,1,3,3,2,3,2,2
21103,Vrouw,08/97,2,2,1,4,4,2,4,2,4,3,3,2,3,3,2,4,2,4,4,3,3,2,3,1,2,2,3,3,2,2,2,2,2,2,4,2,2,3,2,1,4,1,2,2,2,2,2,2,3,1
20305,Vrouw,07/1995,3,2,1,3,3,4,2,1,4,2,4,3,3,1,3,4,4,3,4,3,4,1,4,3,2,1,2,2,1,3,1,2,1,2,3,2,2,4,4,1,4,2,1,3,1,1,4,4,1,1
21223,Vrouw,04/97,3,4,4,2,2,2,4,1,2,2,2,1,2,3,3,2,1,4,3,4,4,2,2,4,3,3,3,3,1,2,2,3,4,3,4,1,3,1,2,1,2,1,2,2,4,2,2,3,3,2
20617,Vrouw,07/97,2,2,2,2,3,3,4,1,4,2,2,2,3,3,2,3,2,4,4,3,4,3,2,3,3,3,1,3,1,3,2,2,3,2,3,2,2,2,3,2,3,3,2,2,3,3,2,2,1,2
21208,Vrouw,11/1997,1,3,1,3,2,4,4,1,4,1,1,2,3,2,2,3,1,2,4,4,4,4,3,1,1,4,2,1,2,3,1,1,4,1,4,2,1,1,4,1,3,3,2,1,3,4,1,2,1,1
20503,Vrouw,04/1997,2,2,1,2,4,4,4,1,4,1,1,4,4,1,1,4,1,2,4,4,1,4,4,1,2,4,1,3,1,3,2,1,4,1,4,1,1,1,4,1,4,4,1,1,4,4,1,2,1,1
20584,Vrouw,05/96,3,2,1,2,3,3,2,1,3,2,2,3,3,2,2,3,2,4,4,3,3,3,3,3,2,3,2,2,3,3,2,2,3,2,2,1,2,2,3,1,4,3,3,2,3,3,2,3,3,3
20197,Vrouw,08/1997,2,2,3,2,4,4,4,2,4,3,2,3,2,4,2,3,1,3,4,3,2,2,4,2,2,2,4,3,2,3,2,2,3,2,2,3,2,2,3,3,4,2,2,2,3,2,2,2,3,3
21292,Vrouw,07/96,2,3,1,3,3,3,2,1,3,1,1,1,4,1,2,2,1,2,4,4,4,4,2,1,2,3,2,3,2,4,1,2,2,1,2,1,2,1,3,1,2,2,1,1,3,3,1,2,3,1
20446,Vrouw,02/1997,3,2,3,3,3,3,4,2,3,3,3,2,3,3,2,3,2,3,4,4,3,2,3,3,2,2,2,3,2,3,2,2,2,2,3,2,2,3,3,3,3,3,3,2,3,2,3,3,2,3
20090,Vrouw,06/97,2,1,4,2,3,2,3,1,2,1,1,3,3,3,2,2,1,2,3,4,4,2,3,1,1,2,2,1,4,3,2,1,3,1,2,1,2,1,3,2,4,2,2,1,3,2,1,3,3,2
20824,Vrouw,17/02/97,1,2,2,3,2,2,4,1,4,1,1,2,4,2,1,3,1,3,4,4,3,4,3,1,3,4,1,2,4,3,1,2,4,1,1,1,1,1,2,3,4,4,2,1,4,4,1,1,4,1
20476,Vrouw,11/1997,3,1,2,2,1,1,4,1,1,1,2,2,4,3,1,4,1,3,2,4,4,2,3,2,2,4,2,3,3,3,1,2,3,2,3,4,2,1,4,2,4,2,1,1,1,1,1,3,4,3
20971,Man,12/1991,1,2,1,1,1,1,3,1,3,1,1,1,3,1,3,2,2,3,3,4,1,4,1,3,2,4,1,4,4,4,1,1,3,1,4,1,2,1,2,1,1,4,2,2,4,2,1,1,3,1
21466,Man,23/12,3,2,3,3,2,1,2,2,2,3,1,1,2,2,2,2,1,3,1,2,3,3,1,3,3,3,1,3,4,4,1,2,2,1,3,1,2,1,2,2,2,4,2,2,4,4,1,2,4,2
20719,Vrouw,04/1997,2,2,1,3,2,3,4,2,4,2,3,1,3,2,2,2,2,4,4,2,1,2,2,1,3,1,3,4,3,3,3,2,3,3,1,2,3,3,2,1,2,2,1,2,1,2,2,2,4,1
20923,Vrouw,november 1997,2,2,1,2,1,3,3,2,3,2,2,1,4,2,1,2,1,2,3,2,2,3,3,1,2,3,2,3,3,4,2,3,3,1,3,1,2,1,3,1,4,2,2,1,2,3,1,2,3,1
21700,Vrouw,08/1997,3,2,1,1,3,4,3,3,4,4,3,3,4,4,1,2,2,3,4,3,1,3,4,2,4,3,4,4,2,3,3,3,3,2,1,2,3,2,4,4,4,2,3,1,3,3,1,3,1,3
20212,Vrouw,10/97,3,2,2,2,3,2,4,1,4,1,2,4,4,4,2,4,2,3,4,4,4,3,4,2,3,4,2,3,1,3,2,2,1,2,3,1,3,2,3,1,3,1,1,1,4,2,1,3,4,1
20194,Vrouw,04/96,3,3,4,2,2,4,1,4,4,2,3,3,3,4,4,1,4,2,4,2,1,2,3,3,2,2,3,3,1,2,3,2,2,2,2,3,3,3,2,3,1,2,4,3,2,3,2,3,1,4
20368,Vrouw,01/11/1997,3,2,1,2,2,4,3,1,3,2,3,1,4,3,2,3,2,2,4,4,3,3,2,1,1,3,1,4,2,2,1,3,3,1,3,1,2,2,3,2,4,4,4,2,4,3,2,1,1,3
21310,Vrouw,12/97,2,2,2,3,2,3,4,2,4,2,2,4,2,2,2,3,2,3,4,4,4,3,4,1,2,3,3,3,2,3,3,2,4,2,4,1,2,3,2,3,4,1,2,2,3,2,2,3,3,2
20320,Vrouw,07/97,1,1,1,1,1,1,4,1,4,1,2,1,4,1,1,3,1,3,4,3,1,3,3,1,1,3,1,4,1,4,1,1,4,1,4,1,3,1,4,1,4,4,1,1,4,2,2,2,1,1
20341,Vrouw,23/02/1996,3,1,1,2,1,4,4,1,4,1,3,2,4,2,2,2,2,2,4,2,2,2,2,4,2,4,2,2,2,2,2,2,2,2,3,2,2,2,4,2,2,2,2,2,2,2,2,2,1,3
20644,Vrouw,02/97,3,2,2,2,2,2,4,2,2,2,4,2,2,1,2,1,3,3,2,3,4,2,2,1,4,1,2,2,3,3,3,1,2,3,4,3,2,3,2,1,1,3,1,4,2,1,3,2,3,2
21364,Vrouw,05/97,2,3,3,2,2,3,4,2,2,3,3,2,3,1,1,3,2,3,2,3,4,2,1,1,3,2,1,1,3,3,2,2,3,2,3,2,3,3,3,2,2,3,2,2,2,2,2,3,3,2
21364,Vrouw,05/97,2,3,3,2,2,3,4,2,2,3,3,2,3,1,1,3,2,3,2,3,4,2,1,1,3,2,1,1,3,3,2,2,3,2,3,2,3,3,3,2,2,3,2,2,2,2,2,3,3,2
21526,Vrouw,09/96,3,1,1,1,1,2,3,1,2,3,4,1,3,1,1,3,2,4,3,4,4,1,1,3,3,1,2,2,3,1,2,1,1,2,3,2,3,3,1,1,1,4,1,3,1,1,2,3,4,2
20650,Vrouw,10/07/1997,3,2,1,2,3,4,4,1,2,2,2,2,3,2,2,3,2,3,4,3,4,2,3,1,3,3,2,2,3,4,2,1,3,3,3,2,2,3,3,1,4,3,3,2,3,2,2,1,2,1
20827,Vrouw,08/96,2,2,2,3,3,4,4,2,4,1,2,4,4,2,1,4,1,3,4,4,4,3,4,1,2,3,2,1,1,2,1,2,3,2,4,2,2,2,3,1,3,2,3,1,3,4,2,1,1,1
20788,Man,02/1996,3,1,3,2,3,3,4,3,4,3,3,2,4,2,3,4,3,4,4,3,1,3,3,3,1,3,2,2,2,2,2,2,3,3,3,3,3,3,3,2,3,4,1,2,3,2,3,2,3,3
20614,Vrouw,01/97,2,3,2,2,3,2,4,2,4,2,2,3,4,2,1,3,2,3,4,4,2,3,4,1,1,3,2,2,2,2,3,1,4,2,4,2,2,2,3,2,4,3,2,2,4,4,1,2,2,1
20797,Vrouw,01/97,3,2,2,2,1,2,4,2,3,2,3,1,2,2,3,2,3,2,3,3,2,2,2,3,2,2,2,3,1,3,2,2,2,3,3,2,2,3,2,2,3,3,2,3,3,1,3,2,1,1
20683,Vrouw,07/76,3,3,1,3,3,2,3,1,2,2,1,4,3,2,1,4,1,4,2,4,4,4,3,3,1,4,1,2,3,2,2,3,4,1,3,1,3,1,4,1,4,2,3,1,4,4,1,1,2,1
20479,Vrouw,Juni 1997 ,2,2,2,2,1,3,4,1,4,2,2,1,4,1,2,3,2,3,4,4,3,3,3,1,2,3,1,2,2,4,1,3,4,1,4,1,2,2,4,1,4,4,1,2,4,2,2,2,1,2
20884,Vrouw,01/97,3,3,3,2,3,3,4,1,4,4,3,1,4,1,1,2,1,2,4,2,2,2,1,1,4,3,2,1,2,2,1,3,2,3,2,2,2,1,1,1,4,2,2,2,2,2,2,2,2,2
20782,Vrouw,21/12/1997,1,2,1,1,1,2,4,1,3,2,3,1,3,2,1,2,1,2,3,2,3,3,2,1,2,2,1,1,2,3,1,2,4,1,3,2,3,2,4,1,4,4,1,1,2,2,2,3,4,1
21064,Man,10/12/1996,2,1,3,2,2,2,2,3,2,3,2,1,4,3,2,2,2,3,2,2,4,3,3,3,2,2,2,2,3,2,3,4,2,1,3,3,4,3,3,2,4,3,2,2,3,2,2,2,3,2
20515,Vrouw,11/1997,1,2,1,3,3,4,3,1,4,2,2,4,4,2,1,2,2,3,4,3,4,3,4,1,1,3,3,2,1,1,2,1,4,1,1,1,3,2,2,1,4,2,4,1,1,3,2,2,1,1
21163,Vrouw,09/1997,2,2,2,3,2,3,4,2,4,2,2,2,4,3,2,3,1,3,4,4,3,4,3,2,2,3,2,3,2,4,2,2,3,2,3,1,2,2,3,2,4,3,2,1,3,3,2,2,3,2
20461,Vrouw,09/1997,2,2,1,3,2,2,4,1,4,1,1,2,4,3,1,3,1,3,4,4,3,4,2,3,3,4,2,3,2,4,1,3,4,1,3,1,2,1,4,2,4,4,3,1,4,3,1,1,3,1
21151,Man,06/07/1997,2,2,1,2,3,2,4,1,3,2,3,1,4,3,3,2,3,3,2,3,3,2,2,2,2,1,2,2,3,3,2,3,2,3,3,2,3,3,4,2,2,2,2,2,3,1,2,2,2,1
20626,Vrouw,01/97,2,2,2,4,1,4,4,1,4,3,1,3,3,1,1,3,1,2,4,4,3,4,4,1,3,4,1,2,3,1,1,4,2,1,1,2,2,1,3,1,4,3,3,1,4,3,3,4,4,2
20413,Man,05/97,3,3,1,2,2,2,4,2,4,2,4,2,4,2,2,3,1,4,2,2,4,2,2,3,2,2,2,2,4,3,2,2,2,1,4,3,4,3,1,2,2,3,2,2,3,2,2,2,2,1
20350,Vrouw,03/1997,2,2,1,2,4,2,4,1,2,1,2,2,2,1,1,1,2,3,2,4,3,3,2,2,4,3,1,2,3,3,1,3,3,1,2,2,1,2,3,1,1,3,1,1,4,3,2,3,3,1
20686,Vrouw,04/96,3,3,1,2,3,4,4,1,3,3,2,4,3,4,2,4,2,4,4,3,4,3,2,3,1,3,3,1,3,4,3,2,4,2,2,2,3,2,4,2,4,4,1,3,2,4,2,4,4,2
20968,Vrouw,11/1996,2,3,1,3,3,4,4,1,4,2,3,2,2,2,3,3,2,3,4,4,3,1,4,1,2,3,2,2,2,4,3,2,3,2,4,2,2,2,2,2,3,2,2,3,2,3,3,3,2,4
21181,Vrouw,02/97,3,1,2,1,1,3,3,1,1,4,3,1,4,3,2,3,1,2,1,3,4,1,1,1,4,2,1,3,4,4,3,4,3,3,4,2,4,3,3,1,4,2,2,2,1,1,3,2,4,3
20317,Vrouw,07/1994,2,2,2,2,2,2,4,2,4,2,2,2,3,2,2,3,2,3,3,3,3,3,2,2,3,3,2,2,3,2,2,2,3,2,3,2,3,2,2,2,3,3,2,2,3,3,2,3,3,2
21322,Vrouw,06/97,3,1,1,3,2,1,2,1,4,4,4,3,4,4,2,4,1,4,2,4,4,2,4,1,4,2,4,1,4,4,1,3,4,1,4,4,2,3,3,1,4,4,1,1,2,2,2,3,1,2
20536,Vrouw,01/97,1,3,2,3,2,2,4,1,4,3,1,4,4,4,1,4,2,3,4,3,4,3,4,1,1,2,2,2,3,3,2,4,4,1,3,2,1,3,2,1,4,2,2,2,2,3,2,2,3,3
20740,Vrouw,05/97,2,2,2,2,2,1,4,1,3,2,2,3,3,3,2,3,1,3,4,3,4,2,3,1,2,2,2,3,4,4,1,1,2,2,1,1,1,2,1,3,4,2,2,1,2,2,2,3,3,4
20581,Vrouw,30 september 1997,2,2,2,3,3,4,4,2,4,2,2,2,4,3,2,2,2,3,4,3,3,3,4,1,2,4,3,2,3,4,2,2,2,2,2,2,2,2,3,2,4,2,1,1,2,2,2,2,2,2
18019,Vrouw,11/96,3,1,2,2,3,2,1,1,3,1,3,1,3,3,2,3,2,3,2,3,4,2,2,2,2,3,2,3,3,4,2,2,3,1,3,1,2,2,3,2,2,3,3,2,3,2,3,1,2,3
21646,Vrouw,13/08/1995,2,1,1,2,2,2,4,1,1,1,3,2,3,2,2,3,1,4,1,4,4,4,2,1,4,4,2,3,3,4,1,2,4,1,2,1,3,1,4,2,4,2,2,1,2,1,2,1,2,4
21001,Vrouw,06/97,2,3,2,4,4,4,4,2,4,2,2,2,4,2,1,4,1,2,4,4,4,3,3,2,2,3,1,1,2,3,2,2,2,1,3,1,1,2,3,1,4,3,3,2,4,3,2,3,3,2
20962,Man,10/97,2,2,1,2,3,4,4,1,3,1,2,2,2,2,3,3,2,4,4,3,4,2,3,3,2,2,2,3,2,2,2,3,3,2,4,3,3,3,3,1,2,2,2,2,2,2,2,2,2,1
20587,Vrouw,12/1997,2,2,3,2,4,4,2,4,4,3,2,3,3,3,2,2,2,2,4,2,1,3,3,1,2,3,3,3,1,2,2,3,3,2,2,2,2,3,2,1,4,4,2,2,2,2,2,2,1,2
20812,Vrouw,09/97,3,2,2,3,3,3,4,3,4,3,4,3,2,4,2,3,2,4,4,3,2,2,3,2,3,2,2,3,2,3,2,3,1,2,3,2,3,3,3,3,3,3,2,3,2,1,3,3,2,3
21100,Vrouw,09/1997,4,4,2,2,2,1,4,4,3,1,1,1,4,4,2,3,1,4,4,4,3,4,4,4,4,4,3,3,2,4,2,1,4,1,4,1,1,1,4,2,4,1,2,1,3,4,1,2,4,3
20314,Vrouw,05/97,3,2,1,1,3,1,2,1,4,4,1,4,3,1,1,2,1,4,4,3,3,4,4,1,2,3,3,1,1,1,2,3,4,1,4,3,2,1,4,1,4,3,2,1,2,4,1,4,4,2
20890,Vrouw,09/1997,3,4,3,3,3,1,2,3,1,2,3,3,1,2,3,3,3,2,1,3,4,4,1,3,4,2,2,3,4,2,3,2,3,2,3,2,3,3,2,2,2,2,3,2,2,3,2,2,4,2
20512,Vrouw,14-10-1993,2,2,1,2,3,3,4,1,4,2,1,3,2,2,1,2,1,2,4,4,3,3,2,1,2,4,1,1,2,3,1,1,4,1,3,1,2,1,3,1,4,3,2,2,3,3,1,2,3,1
21433,Vrouw,10/1997,2,1,1,3,3,3,1,1,3,2,3,2,3,1,3,3,2,2,3,3,2,1,3,2,4,2,2,2,3,1,2,2,2,3,3,2,2,4,1,2,3,4,2,2,3,1,2,2,3,2
20845,Vrouw,22/09/1997,3,1,1,2,1,1,2,1,3,1,2,1,4,2,1,3,1,3,2,3,2,3,1,1,3,3,1,3,3,3,1,2,2,3,2,1,2,1,3,3,3,2,1,1,3,3,1,2,2,3
21343,Man,06/1997,2,3,1,2,2,2,3,1,3,1,3,2,4,2,2,3,2,2,3,3,4,3,2,2,3,3,2,2,3,2,2,3,4,2,4,2,2,2,3,2,4,3,1,2,2,2,2,2,3,1
20434,Vrouw,07/97,4,4,1,3,2,1,1,4,1,1,3,1,2,3,4,1,2,1,1,1,1,3,1,4,3,3,2,1,4,3,4,2,3,2,2,3,4,2,2,3,1,2,3,2,4,4,2,1,1,1
20749,Vrouw,01/97,2,2,2,3,2,1,3,1,4,1,2,3,3,4,1,3,1,3,3,3,4,2,4,1,3,2,3,2,3,3,2,2,3,2,2,3,2,2,3,2,3,3,2,1,2,3,2,3,2,1
20443,Vrouw,05/1997,3,1,1,2,4,3,2,1,4,1,2,2,2,2,2,1,1,2,4,4,4,3,3,2,3,4,3,3,1,3,2,2,2,3,4,2,3,2,2,1,1,3,1,2,3,2,2,2,1,2
20998,Vrouw,04/97,1,2,3,2,4,1,2,3,2,4,2,1,4,3,2,4,1,4,2,4,2,1,2,2,2,3,1,3,3,4,1,1,4,2,3,1,1,4,4,1,4,3,1,2,4,3,2,1,2,2
21133,Vrouw,04/96,2,3,2,2,2,2,3,2,4,2,3,2,4,3,3,3,1,4,3,3,3,3,3,2,2,2,2,3,2,2,3,2,3,2,3,2,3,2,2,2,4,3,3,2,3,3,2,4,2,2
20542,Vrouw,03/97,1,2,2,3,1,4,3,1,4,2,2,4,4,4,1,4,1,2,4,3,2,2,4,1,2,3,2,2,1,3,2,2,3,1,2,2,3,2,3,2,4,3,3,1,3,3,2,2,1,2
20215,Man,10/93,3,3,2,2,2,2,2,1,4,2,4,1,3,1,2,2,3,3,4,3,4,1,3,1,2,1,4,3,3,1,3,3,2,2,4,4,3,4,3,3,3,3,3,3,2,1,3,4,3,3
20260,Vrouw,08/12/1997,3,2,1,1,1,3,3,1,3,2,2,2,3,1,1,2,1,2,3,3,4,3,3,1,3,3,2,2,3,4,2,2,2,1,4,1,1,1,4,1,4,3,1,1,3,3,1,1,3,1
20416,Vrouw,31/03/1997,2,1,2,2,1,3,4,1,3,2,1,2,4,4,1,3,2,2,3,3,3,2,3,2,2,3,3,3,2,2,2,2,3,2,2,2,2,1,3,2,4,1,1,1,2,2,2,2,4,2
20440,Vrouw,06/97,2,1,1,3,3,2,4,1,2,1,1,1,4,1,1,2,1,2,2,3,3,4,3,1,2,4,2,3,4,4,2,2,4,1,3,1,1,1,2,1,3,4,2,1,4,3,1,2,4,1
21418,Man,08/1996,3,2,1,2,2,2,3,1,4,3,3,2,3,1,4,2,3,3,4,4,3,1,3,4,3,3,1,3,1,2,1,3,2,2,4,1,3,3,3,1,4,2,4,3,3,3,3,2,1,2
20920,Vrouw,11/03/1997,2,1,2,2,2,1,4,1,2,1,3,1,1,1,2,2,1,1,1,3,3,2,4,1,1,1,2,2,1,1,1,2,1,1,4,1,2,2,3,1,1,1,1,1,2,1,1,2,3,1
21730,Vrouw,20/01/1997,2,2,1,3,2,2,4,1,4,2,2,3,4,1,1,3,1,1,3,3,3,3,2,1,2,3,2,2,3,3,2,2,3,1,2,2,3,1,3,1,4,3,3,2,3,2,2,2,4,2
21268,Vrouw,07/97,2,2,2,2,3,3,4,2,4,3,3,3,2,3,2,2,2,2,3,2,2,3,3,2,2,2,2,2,3,2,2,3,3,2,3,2,2,3,2,2,3,3,3,3,2,2,2,2,3,2
21349,Vrouw,09/97,3,1,2,3,3,4,2,2,3,3,3,2,2,1,1,1,3,3,4,4,4,1,2,2,3,1,3,3,3,2,3,3,2,2,1,4,3,4,2,2,3,2,2,3,1,2,3,2,4,2
20611,Vrouw,10/97,3,2,2,4,2,4,4,1,4,1,2,1,2,3,3,4,3,4,4,4,3,2,4,2,2,3,1,1,3,3,3,1,4,2,3,1,1,1,3,4,4,1,2,3,1,2,4,3,3,3
21004,Vrouw,09/97,2,2,2,3,3,4,4,2,4,2,2,4,4,2,1,2,2,4,4,2,4,3,4,1,3,3,3,2,1,3,2,3,3,1,2,3,3,2,3,1,4,3,2,2,2,2,2,2,3,2
20680,Vrouw,08/97,2,2,2,3,2,4,4,2,4,4,3,4,3,3,2,3,2,4,4,3,3,2,4,4,3,2,2,3,2,2,3,2,2,2,3,3,3,3,2,2,3,3,1,1,3,2,2,3,2,2
21256,Vrouw,12/96,2,2,2,2,2,3,3,1,3,1,1,1,3,3,1,3,1,2,4,2,4,4,2,4,3,3,2,2,3,2,2,2,3,1,3,1,3,1,3,1,2,4,3,2,3,2,1,3,2,1
20770,Man,10/96,2,3,1,2,3,4,4,1,3,2,1,3,3,3,3,3,2,3,2,3,4,3,3,2,2,2,3,2,3,3,2,3,4,2,3,2,2,2,3,2,3,3,2,2,3,4,3,2,3,2
20980,Vrouw,06/97,3,3,1,2,1,2,3,1,3,3,4,1,1,1,2,3,3,4,3,3,4,2,2,2,2,2,2,3,1,4,1,2,2,2,4,2,3,4,3,1,4,3,3,2,3,2,3,2,3,3
20800,Vrouw,09/97,2,2,2,2,3,3,4,1,4,3,2,3,2,3,1,3,2,4,3,3,3,3,2,1,3,3,1,1,3,2,1,3,3,2,4,1,3,3,4,1,4,3,1,1,3,2,3,3,3,3
20713,Vrouw,05/1997,1,1,1,2,1,2,4,1,4,4,1,1,3,2,1,4,1,2,4,4,4,4,4,1,3,3,2,3,1,4,1,3,2,1,3,2,1,1,1,1,4,2,2,1,4,2,1,2,4,2
20767,Vrouw,10/1997,2,2,2,3,3,1,4,1,2,2,3,2,4,4,2,2,2,4,1,4,4,2,3,2,3,2,2,3,3,1,2,2,3,2,2,1,3,3,4,2,4,3,2,2,3,3,2,3,4,3
20338,Vrouw,06/97,2,2,3,2,2,4,4,2,4,2,2,4,4,4,2,4,1,4,4,4,4,4,3,1,2,4,2,3,2,4,1,2,4,2,3,2,2,1,4,2,4,2,1,1,3,4,1,3,4,1
20248,Vrouw,12/1997,2,1,3,2,2,3,3,2,4,3,4,3,3,3,2,2,3,4,3,3,3,2,3,2,4,2,2,3,3,2,2,3,2,4,3,2,3,4,2,3,4,2,1,3,3,2,3,2,3,3
20179,Vrouw,24/01/1997,2,2,1,1,3,2,3,1,3,1,2,1,4,1,1,3,1,1,4,2,1,2,3,1,3,2,1,3,3,4,1,1,4,2,3,1,2,1,2,1,4,3,2,1,2,2,1,2,3,1
21028,Vrouw,09 1996,3,2,2,2,3,3,4,2,4,1,1,3,3,4,2,4,2,4,4,3,1,3,4,2,3,2,1,2,2,4,2,1,3,1,2,1,2,2,2,1,3,2,1,1,3,3,2,2,3,2
21328,Vrouw,01/97,3,2,2,1,1,1,3,3,4,2,3,3,4,1,1,3,1,2,4,3,4,3,3,1,2,4,2,3,1,2,1,1,4,1,4,2,3,1,3,1,4,2,4,1,3,2,2,3,1,1
21370,Vrouw,02/97,2,3,1,2,1,2,4,1,2,1,1,2,4,2,1,4,1,2,4,4,4,4,2,1,1,3,1,2,4,3,1,2,4,1,4,1,2,1,3,1,4,2,4,1,3,3,1,2,4,1
20500,Vrouw,09/97,3,2,1,3,3,3,3,3,3,3,3,2,3,2,3,2,3,2,3,2,1,1,2,2,2,3,2,4,3,2,2,3,2,3,2,3,2,3,2,3,2,3,2,3,3,2,3,1,4,3
20842,Man,02/97,3,4,2,2,2,3,3,2,3,3,3,2,3,3,1,2,2,3,3,3,3,3,2,2,2,2,3,2,2,2,2,3,3,2,3,2,3,2,2,2,3,2,3,2,3,3,2,2,3,2
21262,Vrouw,23/01/1997,2,2,2,3,2,4,4,1,4,3,2,2,3,3,2,2,2,3,4,4,2,2,4,2,3,2,2,3,2,3,2,2,3,2,4,2,3,2,3,2,2,3,2,2,3,3,2,2,3,2
20560,Vrouw,07/02/1997,3,3,3,3,3,3,1,4,2,3,3,4,2,4,4,3,4,2,2,2,1,2,3,3,2,3,4,2,2,2,3,2,3,3,3,4,2,3,2,4,2,3,3,3,3,4,3,2,1,3
20530,Vrouw,februari 1997,3,2,3,3,2,3,3,2,3,2,2,2,2,3,2,3,2,1,3,3,4,2,3,2,1,3,1,2,3,3,2,2,3,2,3,2,2,1,2,2,4,2,2,2,2,3,2,2,3,2
21037,Vrouw,07/97,2,1,1,2,1,2,3,1,4,4,2,1,4,1,1,3,1,1,2,4,3,4,2,1,4,4,2,3,4,2,1,4,4,2,1,1,4,1,4,1,1,1,3,1,4,3,1,3,4,1
21220,Vrouw,07/97,2,2,1,2,1,4,4,4,4,2,1,3,4,2,1,2,1,4,4,2,4,2,4,2,4,2,3,2,2,3,2,2,2,1,2,1,3,1,4,1,4,3,1,1,2,1,3,2,3,1
21130,Man,06/1996,3,4,1,3,1,4,2,1,4,1,1,3,3,1,3,4,3,3,3,4,4,3,2,1,1,3,1,3,2,4,1,2,4,3,4,1,1,2,4,1,4,4,3,2,4,4,2,1,2,1
20914,Vrouw,09/97,4,3,3,2,3,2,2,3,1,2,2,2,1,3,3,2,3,2,1,2,2,2,2,3,3,3,3,2,2,2,2,2,2,3,2,3,3,3,2,2,2,2,3,4,3,3,3,2,2,2
20662,Man,04/1997,3,2,3,4,2,1,4,2,4,2,3,2,4,3,3,3,2,4,2,4,4,2,2,1,4,1,2,3,2,4,2,2,1,3,4,2,1,3,4,3,2,4,2,2,3,2,3,1,2,1
20491,Vrouw,06/97,2,2,2,3,3,3,3,2,4,2,2,1,3,3,2,3,2,3,3,3,3,3,2,1,3,2,2,3,2,1,2,2,3,2,3,2,2,2,3,1,4,2,1,1,3,2,2,3,1,1
20203,Vrouw,01/97,3,2,1,1,1,3,4,1,4,1,1,1,4,1,3,4,1,3,4,4,4,4,4,4,1,2,1,3,4,2,1,1,4,2,4,1,1,3,4,1,4,4,4,2,4,3,2,1,1,1
20410,Vrouw,11/97,1,2,2,2,3,3,4,2,4,1,2,3,4,3,1,3,1,2,4,3,1,2,3,4,3,3,2,2,1,4,2,1,4,1,1,1,3,2,3,1,4,3,1,1,4,2,2,3,3,2
20917,Vrouw,24/02/1998,4,3,4,2,4,2,3,3,1,4,3,4,1,4,4,2,4,3,1,2,3,2,1,4,1,1,3,2,3,2,2,3,2,4,1,4,3,4,1,3,1,3,2,4,1,2,4,3,3,4
20221,Man,12/1995,3,1,1,1,2,3,1,2,4,4,3,3,3,1,1,1,2,3,4,3,3,1,2,4,3,1,2,3,1,1,2,2,1,3,4,1,2,3,2,1,4,3,1,2,3,2,1,3,1,1
20599,Vrouw,05/97,1,2,2,3,4,4,4,1,4,1,1,4,4,4,1,4,1,4,4,4,3,4,4,4,4,4,2,3,4,3,2,2,4,1,4,1,1,1,4,4,4,2,3,1,4,4,1,3,3,3
20596,Vrouw,18/10/1997,3,3,1,1,4,4,4,2,4,2,1,2,3,1,1,3,2,3,4,4,4,4,4,2,2,4,2,2,3,3,2,2,4,2,4,2,2,2,4,1,4,4,2,3,4,4,2,2,1,3
21010,Vrouw,06/97,2,2,3,2,3,3,4,1,4,2,2,2,2,2,1,4,1,2,4,4,4,3,4,1,1,2,4,3,2,2,2,2,3,3,3,2,2,1,3,2,4,1,2,2,3,2,3,3,3,1
20995,Man,05/1997,2,2,2,2,2,2,2,2,2,2,2,2,2,2,2,2,2,2,2,2,2,2,2,2,2,2,2,2,2,2,2,2,2,2,2,2,2,2,2,2,2,2,2,2,2,2,2,2,2,2
21325,Vrouw,03/1997,2,2,2,2,3,2,3,1,3,2,2,2,3,3,2,3,2,3,3,3,4,3,3,2,2,3,2,3,2,3,2,2,3,1,2,2,2,2,3,1,2,3,2,2,3,3,2,3,3,2
21277,Vrouw,1997,3,3,3,4,2,2,4,2,2,1,1,2,4,3,2,4,1,2,4,3,3,3,2,1,3,3,1,2,3,3,2,2,3,2,3,2,2,2,3,2,4,3,2,1,4,2,2,2,4,3
20866,Vrouw,12/96,2,1,3,1,2,3,3,1,3,2,3,2,2,3,1,3,2,3,3,3,4,1,2,2,3,1,3,3,2,2,2,3,1,2,2,3,2,2,3,3,4,2,1,2,2,1,2,2,3,3
20389,Vrouw,02/95,3,3,3,1,4,4,4,4,4,4,4,4,4,3,2,4,1,4,2,1,4,1,4,3,3,1,4,1,2,1,4,4,3,1,2,4,3,3,1,2,3,3,2,3,1,1,2,4,3,2
21106,Vrouw,10/97,2,2,2,2,1,1,4,2,3,2,3,1,2,2,3,1,2,3,2,3,4,2,2,1,3,2,3,3,4,2,2,1,1,1,3,2,2,4,3,1,3,3,2,2,2,2,2,3,4,1
20437,Vrouw,08/1997,2,3,2,3,2,2,4,3,3,2,2,3,4,4,1,4,2,2,3,3,4,3,3,1,1,3,1,2,1,3,2,2,3,1,3,3,1,2,4,2,4,1,3,1,3,3,1,3,2,4
20371,Vrouw,06/1997,3,2,4,3,3,2,4,3,4,2,2,3,3,4,2,4,1,2,4,4,4,2,4,1,3,3,2,3,2,3,2,2,3,3,3,2,2,3,1,2,4,3,1,2,2,2,3,3,2,1
21016,Man,06/97,2,3,1,2,2,1,4,1,4,1,2,2,4,1,1,2,2,4,4,4,4,3,2,2,1,2,2,3,2,1,1,2,3,1,4,2,2,3,4,1,2,3,1,2,3,3,1,2,1,1
20860,Vrouw,06/97,3,2,2,3,3,3,3,2,4,2,3,2,4,1,3,3,2,3,3,3,3,3,3,1,3,3,3,2,1,2,2,2,2,3,4,2,2,3,4,2,4,3,3,2,3,2,3,2,1,3
20722,Vrouw,01/1997,2,3,2,3,1,4,3,1,4,3,3,2,4,4,2,3,1,3,4,3,3,3,4,2,4,3,3,2,3,3,2,2,3,1,3,2,2,2,3,3,4,3,3,1,2,3,2,3,3,4
20347,Vrouw,09/97,1,1,2,3,2,2,1,2,3,2,1,2,1,2,2,3,2,1,2,2,2,3,1,1,2,2,1,2,1,2,2,3,2,1,1,2,2,3,2,2,1,2,1,2,2,1,2,2,1,2
21169,Vrouw,03/1997,3,3,1,2,3,1,4,1,3,1,3,2,4,1,1,3,1,3,3,3,4,4,2,1,1,4,2,1,4,4,1,2,4,1,1,2,2,1,3,2,4,1,1,3,2,2,1,3,1,4
21022,Vrouw,04/1997,3,3,2,2,1,3,3,2,3,1,2,1,3,4,2,3,2,3,4,3,2,1,3,1,2,1,3,3,2,1,2,3,2,2,2,3,3,3,1,2,4,1,2,2,1,2,2,3,2,2
20989,Vrouw,13/11/1997,1,2,1,1,1,4,3,3,2,1,1,1,4,1,1,3,1,1,4,4,3,4,4,1,2,4,1,4,1,1,4,1,4,1,4,1,3,1,3,1,1,1,1,1,3,4,1,2,4,1
20851,Vrouw,26/01/1996,2,2,2,3,1,2,2,1,3,1,1,1,3,1,3,3,1,3,3,4,3,3,4,3,3,2,1,1,4,2,1,1,4,1,4,1,3,2,3,1,2,1,1,1,4,2,1,3,2,1
20206,Vrouw,09/97,3,2,2,2,2,1,3,2,4,2,3,2,4,4,3,4,2,3,3,2,2,1,1,1,3,2,2,1,1,1,2,2,1,4,2,2,3,3,2,3,4,3,2,3,2,1,2,2,1,4
20521,Vrouw,15/12/1997,3,3,3,3,3,3,3,2,3,3,3,3,3,2,2,2,1,2,4,2,3,3,3,2,3,2,3,2,2,3,3,3,3,2,2,3,2,4,4,2,2,3,3,2,2,3,2,3,3,3
20302,Vrouw,12/1997,2,1,1,2,3,4,4,1,4,3,2,2,3,2,1,3,1,4,4,4,4,2,4,3,3,4,3,2,1,4,2,2,2,2,1,2,3,2,4,2,4,2,1,2,2,3,2,2,2,2
20335,Vrouw,01/1997,3,2,1,3,3,4,4,1,4,3,1,4,3,1,1,4,1,3,4,4,4,4,4,2,1,4,3,1,2,3,1,1,4,1,2,1,1,1,3,1,4,4,1,1,4,3,1,4,2,1
21082,Man,06/97,2,2,2,3,4,2,3,2,4,3,2,3,4,1,1,2,1,3,3,4,2,2,3,1,2,3,3,2,1,3,2,2,3,2,3,2,2,2,3,1,3,2,2,1,3,2,2,3,3,1
20563,Vrouw,07/97,2,2,1,3,3,2,3,1,4,2,2,1,3,2,1,4,2,3,4,4,3,3,2,3,3,3,2,3,3,3,2,3,4,2,3,2,3,2,4,1,4,2,2,2,3,3,3,2,2,2
20386,Vrouw,06/97,2,2,1,3,1,2,3,1,3,1,1,1,3,2,1,2,1,3,4,4,4,4,3,2,1,3,1,2,4,4,1,1,3,1,3,1,1,1,3,1,4,3,2,1,3,3,1,2,3,1
20407,Vrouw,09/95,3,2,2,3,3,3,3,2,4,1,1,3,4,3,1,3,1,3,4,3,3,3,3,2,2,3,2,2,3,3,2,3,3,2,4,2,3,2,3,2,3,3,2,2,3,3,2,3,3,3
20533,Vrouw,03/95,1,2,1,2,2,4,4,3,4,1,1,1,3,1,1,2,1,2,4,3,4,4,3,1,2,4,2,2,3,4,3,2,4,1,2,1,4,1,3,1,4,3,2,1,3,3,2,3,4,1
20905,Man,11/96,3,2,2,2,2,2,3,2,3,3,4,1,2,2,2,2,2,3,2,3,2,2,2,2,3,2,2,3,3,2,2,2,2,3,4,2,3,3,3,2,3,3,2,3,3,2,3,2,3,2
20803,Vrouw,10/1996,3,3,3,2,1,1,1,3,1,3,4,2,1,2,4,1,4,2,1,1,1,1,1,2,1,1,2,2,2,1,1,1,4,1,2,1,2,1,2,1,4,3,2,1,2,3,1,2,2,2
21478,Vrouw,06/1997,2,2,1,2,1,2,4,1,4,3,3,1,4,1,2,4,1,3,4,4,1,2,2,1,1,2,3,4,1,4,1,2,1,2,4,2,3,2,2,1,2,1,2,2,4,2,2,3,4,4
20656,Vrouw,05/97,4,2,1,1,3,4,4,1,4,2,1,3,4,3,1,3,1,3,4,3,2,3,4,1,1,3,2,3,1,3,1,2,1,2,2,2,2,1,3,1,4,1,2,1,2,4,1,3,2,1
20881,Vrouw,10/1995,2,3,2,2,3,4,4,3,4,4,2,2,3,2,2,1,2,4,4,2,3,3,4,1,3,4,3,4,1,4,3,4,3,1,3,2,4,2,3,4,4,3,1,2,3,2,2,3,1,4
20284,Vrouw,20-07-1997,3,4,2,3,1,4,4,2,4,4,3,2,3,2,1,2,2,4,4,3,3,2,4,2,3,2,2,2,4,3,3,3,2,1,4,3,3,3,3,2,3,3,3,2,2,1,2,2,1,1
21172,Vrouw,22/04/1997,1,2,1,2,4,3,2,1,3,2,2,3,3,2,2,3,1,3,3,3,2,3,3,2,2,3,2,2,2,2,2,2,3,2,2,3,3,2,3,2,3,3,2,2,2,3,2,2,2,2
20623,Vrouw,02/97,2,2,1,2,2,1,4,2,1,1,2,1,2,2,2,2,2,4,2,3,2,2,2,2,3,2,2,3,4,3,1,2,2,2,4,2,2,3,3,2,2,3,2,2,3,2,2,2,4,2
20191,Vrouw,04/1997,3,3,2,2,3,4,3,2,3,4,3,3,2,1,3,2,2,3,3,3,4,2,4,3,2,2,3,2,1,2,1,3,2,2,3,2,3,3,3,3,3,3,2,3,3,2,2,2,2,3
20383,Vrouw,01/93,3,2,1,2,1,2,4,2,3,1,1,1,1,2,1,3,1,3,2,4,2,4,2,3,3,4,1,3,3,1,1,1,3,1,3,1,2,1,3,2,2,4,3,2,2,3,1,2,3,1
21232,Man,08/97,1,4,2,1,4,3,4,2,4,3,3,4,4,2,2,1,1,2,4,4,3,4,3,2,1,2,4,1,2,1,2,4,2,1,2,1,4,2,3,1,4,4,4,1,3,4,1,1,1,1
21244,Vrouw,02/96,1,3,1,3,1,3,4,1,3,2,1,2,3,2,1,3,1,3,3,3,3,4,3,2,2,4,2,2,3,3,2,2,3,1,2,1,2,1,4,2,3,3,2,1,3,4,1,2,3,2
21073,Vrouw,07/1997,4,1,2,2,3,4,4,1,1,4,4,2,1,1,2,2,3,4,1,4,4,2,2,2,4,1,1,3,1,2,4,2,1,4,3,2,2,4,3,1,1,4,1,4,2,1,3,3,1,3
21382,Vrouw,07/1997,2,1,1,2,1,1,4,1,2,1,3,1,4,1,2,1,1,4,2,1,4,3,2,2,4,3,3,3,1,4,2,1,1,2,4,1,1,2,4,1,3,3,2,2,3,2,2,3,4,1
20404,Vrouw,10/1997,2,2,1,2,3,3,3,1,3,1,2,2,1,2,2,4,2,2,3,4,4,3,2,3,1,3,1,3,2,3,2,1,4,1,4,2,1,2,3,1,4,4,4,2,3,3,1,2,2,1
20833,Vrouw,01/1996,3,3,2,3,2,2,3,1,2,2,3,2,3,2,3,2,3,3,4,4,3,3,2,2,3,3,2,2,2,3,2,2,4,3,4,2,2,3,3,2,2,4,2,3,3,2,1,2,3,1
21454,Vrouw,04/10/1997,1,2,2,3,2,3,3,1,4,1,2,2,4,3,1,3,2,3,3,3,3,3,3,1,2,3,2,1,1,4,1,2,3,2,3,2,2,2,4,1,4,2,1,2,3,3,1,2,2,2
21043,Man,08/1996,2,2,1,3,3,2,4,1,3,1,3,3,4,2,1,4,2,3,4,4,4,2,2,1,4,1,2,2,4,2,1,1,2,2,4,2,1,4,1,1,4,1,4,2,2,2,2,1,2,1
20875,Vrouw,11/1996,2,2,2,2,2,3,3,2,4,2,2,2,2,2,2,3,2,3,4,2,3,3,3,2,2,3,3,3,1,3,2,2,3,2,3,2,2,2,3,2,3,3,3,2,3,3,2,3,2,2
21304,Vrouw,03/97,2,3,1,2,3,3,3,2,3,3,3,3,3,2,2,3,2,3,3,3,3,3,3,2,1,2,3,2,3,3,2,2,3,1,3,2,2,3,3,3,4,2,3,2,3,3,1,3,4,3
20482,Vrouw,05/97,2,2,1,3,2,2,4,1,4,2,1,1,3,1,2,3,1,3,4,4,4,4,3,2,3,3,2,3,2,3,2,2,4,2,4,2,3,1,2,2,4,3,2,1,3,3,2,2,1,2
21673,Man,08/96,2,2,1,3,1,2,2,1,4,2,1,2,4,2,1,3,1,2,3,4,2,3,3,4,1,3,1,3,2,3,2,2,4,1,4,1,1,1,2,2,4,3,2,1,4,4,1,1,1,2
21154,Vrouw,02/97,2,3,1,2,3,1,4,2,4,3,1,3,3,2,2,4,1,4,4,4,4,4,3,2,2,4,2,2,2,3,1,2,3,1,3,1,2,1,1,1,2,3,3,1,4,3,2,2,3,2
20698,Man,12/1996,2,3,2,2,2,2,3,2,3,2,3,2,3,2,1,2,2,3,3,3,2,2,2,2,2,2,3,2,4,2,1,2,3,2,3,3,4,3,4,1,4,4,2,1,2,2,2,2,3,2
20911,Vrouw,02/97,3,3,1,2,3,4,4,1,4,1,1,3,4,1,1,2,2,3,4,4,4,3,3,1,1,4,1,3,1,3,1,1,4,1,4,1,2,1,4,1,4,2,2,1,4,4,1,2,2,1
21694,Man,06/1997,2,2,2,3,2,2,3,1,3,1,2,3,4,2,2,4,2,3,3,3,3,4,3,1,1,3,2,2,4,3,2,3,4,2,4,2,1,2,3,2,3,2,3,1,3,3,2,2,2,2
21694,Man,06/1997,3,3,2,3,2,2,3,2,3,2,2,3,4,2,1,3,2,3,3,3,4,4,3,1,1,3,2,2,3,3,2,3,4,2,4,2,2,2,4,2,3,2,2,1,3,4,2,2,3,2
20236,Man,09/97,3,3,2,2,3,2,1,1,3,2,2,3,3,2,2,1,2,3,3,3,3,1,3,2,3,2,2,3,3,3,2,2,3,1,4,2,3,3,3,2,2,2,3,2,2,2,3,2,3,1
21412,Vrouw,08/1997,3,2,3,2,3,3,2,3,3,3,2,3,4,4,1,4,1,3,2,3,1,3,4,1,3,2,2,3,4,4,2,2,4,2,3,2,3,2,2,1,4,2,1,2,2,3,1,2,4,2
21274,Vrouw,11/01/1997,1,3,2,2,3,3,4,1,4,1,1,4,4,1,1,2,1,2,4,3,2,3,3,1,2,3,2,3,2,3,3,2,2,1,2,2,1,1,3,1,4,2,1,1,2,3,1,2,4,2
20527,Vrouw,31/05/1997,2,2,1,3,2,1,1,2,2,3,3,2,2,1,1,1,2,2,2,3,4,2,2,2,3,2,2,2,2,3,2,4,1,2,3,2,4,2,1,1,3,1,1,2,3,1,3,2,3,3
20275,Vrouw,05/95,3,2,1,1,3,3,4,1,4,4,4,1,1,1,1,3,4,2,2,4,4,1,1,2,3,1,1,2,3,4,1,4,3,2,2,1,3,4,2,1,2,1,1,4,4,1,4,2,3,4
21409,Vrouw,26/1/96,2,2,2,3,3,3,2,3,4,4,3,3,4,4,1,3,2,4,4,2,2,2,4,2,3,1,3,2,2,1,2,4,3,1,2,1,4,3,4,4,4,2,1,2,2,1,2,2,3,4
21640,Vrouw,05/1997,3,3,1,3,1,3,4,1,4,1,1,2,2,1,2,3,1,3,4,4,4,4,4,1,4,1,1,2,1,3,1,1,2,2,3,1,1,1,4,1,4,3,2,1,4,4,1,1,3,1
20944,Vrouw,05/1997,2,3,2,3,2,2,4,2,4,2,1,2,3,2,2,3,1,2,3,4,3,4,3,2,2,4,2,4,3,4,2,3,2,1,2,2,2,1,3,2,4,1,3,1,3,4,1,2,4,2
20395,Vrouw,06/97,2,2,2,2,3,3,3,1,4,2,2,4,4,2,1,3,1,2,4,3,4,4,4,2,3,3,2,2,3,3,3,2,3,2,3,2,2,2,3,2,3,2,2,2,3,1,2,2,3,3
20854,Vrouw,08/1997,1,2,1,1,1,3,4,1,3,3,2,2,3,2,2,4,1,3,4,3,4,3,3,1,3,1,3,3,1,3,2,2,1,1,1,3,1,2,1,1,3,3,2,1,2,1,1,4,3,2
21061,Vrouw,02/1997,2,1,1,3,2,2,4,1,3,1,2,2,4,2,3,3,2,3,2,3,3,3,2,3,3,3,3,3,4,3,3,1,4,2,4,2,1,2,3,2,3,3,1,2,3,2,1,2,3,2
20467,Vrouw,06-12-1997,2,2,2,2,2,2,2,3,2,2,2,2,2,2,2,2,2,2,2,2,2,2,2,2,4,3,3,2,2,3,3,2,3,2,3,3,2,3,2,3,4,2,2,3,2,2,3,3,3,3
21142,Man,06/97,3,3,1,3,2,4,4,1,4,2,1,2,4,1,2,2,1,3,3,3,3,3,2,3,4,4,4,3,2,4,1,3,3,1,3,2,4,1,3,1,3,2,3,1,3,4,1,2,3,1
20176,Vrouw,19/06/1997,3,1,2,2,2,4,1,1,2,1,3,2,1,1,2,2,3,3,2,3,3,2,4,3,3,1,2,3,3,2,2,2,2,2,3,2,2,3,2,2,4,1,1,3,2,1,3,2,1,2
21502,Vrouw,16/05/1996,2,2,1,2,1,2,4,1,4,3,2,2,3,2,2,3,1,3,3,3,4,3,2,2,1,3,2,3,4,3,1,2,4,1,1,2,1,2,3,2,4,2,2,1,3,3,2,2,3,1
20566,Vrouw,10/1996,4,4,1,3,4,4,4,1,4,1,2,2,2,1,3,1,4,3,4,4,4,2,3,2,1,2,2,2,2,3,1,1,2,1,4,2,1,4,4,1,3,4,2,3,3,4,1,1,2,1
20230,Vrouw,05-09-1997,2,2,2,2,2,2,3,3,4,2,2,3,2,2,3,3,2,2,4,4,4,3,3,2,3,2,2,2,3,3,2,2,3,3,3,2,2,2,2,2,3,2,2,2,3,2,2,2,3,3
20209,Man,02/97,2,2,2,3,2,2,3,1,2,2,2,2,3,1,2,2,2,1,3,4,3,2,2,2,3,2,2,3,2,2,2,2,3,1,2,2,3,2,3,1,3,2,2,2,3,2,2,3,2,2
2150,Man,24 /10 / 1997,2,2,1,2,2,1,3,3,4,3,2,1,4,1,1,1,2,3,3,3,1,4,2,4,3,2,4,4,2,1,2,4,2,2,3,1,4,1,1,1,3,2,1,1,1,3,1,1,2,1
20956,Vrouw,09/97,1,2,1,3,3,2,4,1,3,2,3,1,1,3,3,4,3,4,2,4,4,2,2,2,1,2,2,3,3,4,2,2,4,2,4,2,2,3,4,1,4,3,3,2,3,3,3,2,4,2
21406,Vrouw,11/97,4,2,1,4,1,2,4,1,4,1,1,1,4,4,1,4,2,3,4,4,2,4,4,4,1,4,1,1,2,4,1,1,4,2,1,1,1,2,3,1,4,2,4,2,3,2,2,3,4,2
21226,Man,12/97,2,2,1,3,2,2,3,1,4,2,1,2,3,1,1,3,1,3,3,4,4,4,3,2,2,3,2,3,1,4,1,2,3,1,4,1,2,2,3,3,4,3,1,1,3,2,1,1,2,1
21007,Vrouw,08/1997,3,2,2,2,3,1,3,2,2,2,3,2,4,2,2,2,2,3,2,3,3,3,1,2,3,3,2,3,3,3,2,3,2,2,3,2,2,2,3,2,4,3,2,2,3,3,2,2,4,3
21313,Man,06/1995,3,2,1,3,1,1,3,2,3,3,3,2,3,2,3,2,2,3,2,3,4,3,1,1,3,2,2,3,4,1,2,2,1,2,3,2,4,2,2,3,3,3,3,2,3,2,2,2,1,2
21463,Vrouw,01/1997,1,3,2,2,2,3,2,2,4,2,3,3,4,3,2,2,2,3,4,3,3,2,3,2,2,2,2,3,3,2,2,2,3,2,1,1,3,3,4,2,4,3,2,2,2,1,2,3,3,3
20818,Vrouw,08/96,2,2,1,2,2,4,4,1,4,3,2,2,3,3,1,3,1,3,4,4,3,3,3,1,4,3,2,2,1,3,2,2,4,2,1,1,4,1,3,1,4,3,3,1,4,2,2,4,3,3
20977,Man,29 mei 1997,2,2,1,2,2,4,3,1,4,3,3,3,4,2,1,2,2,4,4,3,3,3,4,1,3,3,2,2,1,3,3,4,3,2,1,2,3,2,3,2,3,3,3,1,3,3,2,2,1,3
21379,Vrouw,01-1997,2,1,1,3,3,3,3,2,4,2,2,3,4,3,1,2,2,3,3,3,2,3,3,2,3,2,1,3,3,3,2,2,3,2,3,1,1,2,3,3,3,3,2,1,3,2,2,2,3,2
21298,Vrouw,04/1997,2,2,1,3,2,4,4,1,4,2,1,3,4,3,1,4,1,4,4,3,1,3,4,1,1,2,3,3,2,1,1,2,4,2,4,2,2,2,4,2,4,3,4,1,3,3,1,2,3,1
21166,Vrouw,03/1995,3,2,2,3,1,3,3,2,4,4,4,3,3,1,3,4,3,4,4,3,3,2,3,1,2,2,3,3,1,3,3,3,2,3,3,2,3,4,2,3,4,3,4,4,3,3,3,3,2,3
20608,Vrouw,10/96,2,2,2,4,4,4,4,2,4,2,2,4,4,4,1,4,1,3,4,3,4,1,4,3,2,3,2,1,1,2,2,1,4,2,1,1,2,2,3,3,4,3,1,1,3,3,3,3,1,2
21547,Man,08/07/1993,2,2,1,3,2,3,3,1,2,2,2,2,2,1,2,3,1,1,2,3,2,2,3,2,3,1,1,3,2,2,3,2,4,4,2,3,2,2,3,2,2,3,2,3,2,3,3,1,2,2
21475,Vrouw,09/1997,1,2,2,1,1,2,3,1,4,2,2,1,4,1,2,3,1,1,2,2,2,1,4,4,4,2,1,2,2,4,2,1,4,1,1,1,2,1,2,1,4,3,2,2,2,1,2,3,1,2
20344,Vrouw,06/96,2,3,3,2,3,4,3,2,4,2,2,4,3,2,1,4,1,1,3,3,4,3,4,1,1,3,3,2,1,4,2,3,3,1,1,1,2,2,2,1,4,2,2,1,3,3,2,4,3,1
21067,Vrouw,09/97,2,2,1,2,3,3,4,2,4,1,2,2,4,3,1,3,2,3,4,3,3,4,3,2,2,3,2,3,2,4,2,2,4,2,4,2,2,2,4,2,4,4,2,2,4,2,2,2,4,2
21505,Vrouw,03/93,2,3,2,3,2,2,1,3,4,2,1,2,4,1,1,3,1,2,3,2,1,4,3,1,1,4,2,2,3,3,2,1,3,1,2,2,2,1,4,4,4,3,2,1,3,2,2,2,3,3
21436,Vrouw,04/97,1,2,2,3,3,4,3,1,4,3,1,3,4,2,1,2,1,1,4,3,4,4,4,1,4,4,2,3,3,3,2,3,4,2,1,2,3,1,2,1,4,2,2,1,1,2,1,3,1,1
21334,Vrouw,07/97,3,3,1,2,1,2,4,1,3,1,1,1,4,3,1,3,1,2,3,3,4,4,4,4,3,2,2,3,3,3,1,2,1,3,2,1,3,2,3,1,3,3,2,1,2,3,1,2,4,1
20326,Man,04/92,1,2,1,2,3,3,4,1,4,4,4,2,1,2,1,2,4,4,4,4,2,1,3,1,3,3,1,2,3,2,1,3,2,1,3,4,4,4,4,3,3,4,2,3,4,1,3,2,2,4
21058,Vrouw,01/96,3,2,2,1,1,3,2,3,4,3,3,1,4,1,2,2,2,3,4,3,3,2,2,1,3,1,2,3,3,3,1,3,3,2,2,1,3,2,2,1,4,2,2,3,3,1,3,2,1,3
21124,Vrouw,12/96,1,1,1,3,1,2,4,1,4,1,3,1,2,4,2,2,3,4,3,4,3,2,1,1,3,1,1,3,3,1,1,2,2,2,3,1,3,4,3,1,4,1,2,2,4,1,2,2,3,4
21664,Vrouw,08/97,2,2,2,2,3,2,2,3,2,2,3,2,3,2,2,2,2,3,2,3,2,3,3,2,2,2,2,2,3,2,2,2,2,3,2,3,2,2,2,3,2,3,3,2,3,2,2,3,3,2
21097,Vrouw,12/96,1,1,3,1,2,4,4,3,4,2,1,2,4,2,1,3,1,2,4,3,3,4,3,1,2,4,4,3,2,3,2,3,3,2,1,2,4,1,1,2,4,1,1,1,3,2,1,2,3,2
20932,Vrouw,7041996,2,3,1,3,4,4,3,1,4,1,1,2,4,1,2,4,1,1,4,4,4,4,2,1,3,4,1,2,1,1,2,2,4,1,2,2,1,1,3,4,4,1,3,1,2,2,1,2,1,1
21070,Vrouw,04/22,2,2,1,3,2,3,3,1,4,1,3,2,2,1,3,3,2,4,4,2,4,1,2,1,3,2,1,2,2,1,1,1,1,2,1,2,2,3,3,1,3,4,1,3,3,2,2,3,2,1
20359,Vrouw,08/11/1995,2,1,1,1,1,1,3,1,3,1,4,1,1,2,2,2,3,4,3,4,4,1,2,2,4,4,1,4,3,1,2,1,3,3,4,1,3,4,4,1,2,4,1,3,3,1,3,3,3,1
20908,Vrouw,07/97,2,3,2,3,4,4,4,1,4,2,2,3,4,3,2,3,1,4,4,3,3,2,3,2,2,2,2,2,2,2,2,2,3,1,2,2,2,2,3,2,4,2,2,1,3,2,1,2,2,2
