,Unnamed: 0,id,sex,age,1,2,3,4,5,6,7,8,9,10,11,12,13,14,15,16,17,18,19,20,21,22,23,24,25,26,27,28,29,30,31,32,33,34,35,36,37,38,39,40,41,42,43,44,45,46,47,48,49,50,AQ,AQlikert,AQattDetail,AQsocialSkill,AQattSwitch,AQcomm,AQimagination
0,0,20395,Vrouw,06/97,4,3,3,2,2,2,4,2,4,1,2,4,4,2,1,4,1,2,4,4,3,3,3,1,3,3,1,3,3,3,3,2,3,2,3,2,2,2,3,1,3,3,1,1,3,2,2,2,3,3,14,100,23,16,23,19,19
1,1,20959,Man,05/98,3,1,1,2,3,1,3,1,2,2,3,2,3,1,2,3,2,3,2,3,4,2,2,3,2,3,1,1,3,1,2,3,3,3,4,2,3,2,2,3,4,4,2,2,3,1,3,1,3,1,20,111,26,22,29,19,15
2,2,20959,Man,05/98,2,2,1,3,3,2,3,1,1,2,3,3,3,1,2,3,2,3,1,4,4,2,2,3,2,3,1,1,3,2,2,3,3,3,4,2,3,2,3,3,4,4,2,2,4,1,1,1,3,1,17,106,27,20,27,18,14
3,3,21088,Man,04/96,4,2,2,2,2,2,1,1,3,2,3,1,3,3,3,3,4,3,4,3,3,2,2,3,3,1,3,3,3,1,2,2,1,2,4,3,3,3,3,3,4,2,1,2,2,3,3,2,3,3,29,129,26,25,26,29,23
4,4,19756,Vrouw,10/96,4,2,1,1,1,1,4,1,3,2,3,1,1,1,2,2,3,4,4,4,4,1,1,4,2,2,2,4,2,4,2,2,2,3,4,2,2,3,3,2,2,4,3,3,3,2,3,2,1,2,22,120,30,26,26,21,17
5,5,20380,Vrouw,03/1988,3,2,1,1,4,4,4,1,4,2,2,2,3,2,2,2,3,2,4,4,4,2,4,2,3,2,2,3,1,3,2,2,4,3,4,2,3,3,3,2,4,4,1,2,3,2,3,2,1,2,17,103,16,22,30,21,14
6,6,20689,Vrouw,09/95,2,2,3,3,4,4,3,3,4,1,1,2,4,3,1,3,1,3,4,3,3,3,3,2,2,4,2,2,2,2,2,2,3,2,2,2,3,1,3,2,4,3,2,1,3,3,1,3,3,1,11,96,18,17,22,18,21
7,7,20497,Vrouw,04/97,2,2,2,3,3,4,4,1,4,4,3,1,3,3,2,3,2,3,4,4,4,2,2,2,2,2,2,4,2,3,2,2,1,2,2,3,3,2,1,1,3,3,2,1,3,3,2,3,2,2,18,114,23,24,25,25,17
8,8,20830,Vrouw,07/1997,3,3,3,3,4,1,1,3,1,3,3,3,1,3,4,3,4,3,1,1,1,3,3,4,3,4,1,3,3,1,2,1,4,1,4,1,2,1,3,1,4,2,1,1,4,4,1,1,4,3,22,117,28,20,21,19,29
9,9,20524,Vrouw,10/1997,2,2,2,3,2,3,3,3,4,2,2,2,4,4,2,3,1,3,4,3,1,3,3,2,3,3,3,2,2,3,2,2,2,2,3,2,3,2,3,2,3,3,2,2,3,3,2,2,2,2,13,111,21,20,24,21,25
10,10,20374,Vrouw,08/1997,2,4,1,4,1,4,4,1,4,1,1,1,4,2,1,4,1,2,4,4,3,4,4,1,1,4,1,2,2,3,1,1,4,1,4,1,1,1,4,1,4,4,2,1,4,4,1,2,3,1,7,71,22,13,12,12,12
11,11,20716,Vrouw,05/1997,2,2,1,2,1,3,4,1,4,2,2,1,3,2,1,2,1,2,4,4,3,3,2,2,4,3,2,3,1,3,1,2,2,1,2,1,3,1,2,2,3,4,2,1,4,3,2,3,1,2,17,103,23,18,26,20,16
12,12,20521,Vrouw,15/12/1997,3,3,3,3,3,3,3,3,3,3,3,3,3,3,3,3,3,3,3,3,3,3,3,3,3,3,3,3,3,3,3,3,3,3,3,3,3,2,3,3,3,3,3,3,3,3,3,3,3,3,24,124,24,26,25,23,26
13,13,21403,Vrouw,02/1997,2,2,1,4,3,3,4,1,4,2,2,3,4,3,1,3,1,3,4,4,2,4,3,2,2,3,3,3,2,2,3,2,4,1,3,2,2,1,3,1,3,1,2,1,2,3,1,2,3,1,11,94,20,17,20,18,19
14,14,20743,Vrouw,07/1997,2,3,3,3,3,3,2,3,2,3,2,3,3,3,3,2,2,2,2,2,2,2,2,2,2,2,2,2,2,2,2,3,3,3,3,3,3,3,3,3,2,3,3,3,3,3,3,3,3,3,28,128,24,27,25,24,28
15,15,21136,Vrouw,04/1997,2,3,3,3,3,2,4,3,3,1,1,2,4,1,1,3,1,2,2,3,4,3,2,1,2,3,2,3,3,2,1,2,3,1,4,2,2,1,3,1,3,2,3,1,3,4,1,2,3,1,12,94,27,16,17,16,18
16,16,20602,Vrouw,06/97,1,2,1,4,4,4,4,1,4,2,2,4,4,3,1,3,1,4,4,3,3,3,4,1,2,3,3,2,3,2,3,2,3,2,3,2,3,2,4,1,4,2,1,1,4,3,1,2,2,2,9,90,15,17,23,18,17
17,17,20422,Vrouw,10/97,2,2,1,3,2,4,4,2,4,1,1,3,4,4,1,3,1,4,4,3,3,4,4,1,1,2,3,2,3,3,2,3,4,1,3,2,2,1,3,4,4,4,3,1,3,4,2,2,4,3,12,93,21,16,18,17,21
18,18,20755,Vrouw,05/97,2,2,3,2,2,3,1,3,1,3,3,4,1,4,3,1,3,1,1,1,2,1,2,3,3,1,2,2,2,2,4,2,1,3,2,3,2,3,1,4,1,2,2,3,2,2,3,2,2,3,40,154,25,31,29,35,34
19,19,20377,Vrouw,05/97,1,2,1,2,2,3,4,3,4,3,3,2,4,1,1,2,2,4,4,3,3,1,3,4,2,2,2,3,2,3,1,2,2,3,2,2,2,3,3,1,4,3,3,2,3,2,2,3,4,3,22,115,24,24,26,21,20
20,20,21385,Vrouw,09/96,1,2,2,3,3,3,4,1,4,1,1,3,4,2,1,4,1,3,4,3,3,4,4,4,4,4,3,1,2,2,2,3,4,1,3,1,1,1,4,3,4,1,3,1,3,4,1,1,2,2,8,87,16,14,19,15,23
21,21,20227,Vrouw,10/1990,4,3,1,1,2,2,4,1,1,2,3,2,1,1,2,2,1,3,1,3,4,2,1,3,2,2,2,2,1,2,2,2,3,1,1,1,2,2,4,3,1,3,2,2,2,2,1,2,2,2,19,114,28,22,24,20,20
22,22,21661,Vrouw,04/1997,3,2,1,2,3,3,3,1,1,3,4,1,1,4,3,4,1,4,4,2,1,1,4,2,3,4,3,3,4,3,1,2,4,3,2,2,3,3,2,4,3,2,4,2,3,1,2,3,4,4,28,129,28,28,26,19,28
23,23,20227,Vrouw,10/90,3,2,1,2,1,1,4,1,1,3,2,1,1,1,3,2,2,3,1,3,4,3,1,3,2,2,2,2,1,3,1,2,3,2,1,1,1,2,4,2,1,3,2,2,2,2,1,2,1,2,20,117,31,22,25,20,19
24,24,20245,Vrouw,15/05/1997,2,2,1,3,4,4,2,1,4,1,2,3,4,3,1,3,1,3,4,3,3,2,4,2,3,2,3,2,2,3,2,2,3,2,3,4,4,2,3,1,3,2,2,1,3,4,2,2,2,1,13,100,16,21,23,22,18
25,25,20641,Vrouw,1997,2,3,2,2,4,4,4,1,4,2,1,2,4,1,1,2,1,2,4,3,3,4,3,2,2,4,3,3,2,3,3,3,3,1,3,2,3,1,3,2,3,3,3,1,2,3,1,3,1,2,13,95,18,17,23,19,18
26,26,20629,Vrouw,12/1997,2,2,2,3,4,4,3,3,4,2,3,3,4,3,3,2,2,3,4,3,3,3,3,2,4,3,2,3,3,3,2,2,3,2,3,2,3,2,2,1,4,2,1,2,3,1,1,2,2,2,16,111,19,21,29,21,21
27,27,21193,Vrouw,04/97,2,2,2,3,2,3,3,2,3,2,2,2,4,2,2,2,2,3,3,3,2,3,3,2,3,3,2,2,3,2,3,2,3,3,2,2,2,2,2,3,2,3,2,2,2,3,2,2,2,3,17,116,23,21,25,23,24
28,28,20887,Man,03/96,2,3,1,3,1,3,4,1,4,1,2,2,3,1,2,4,3,3,4,4,4,4,3,4,4,4,1,2,2,4,1,2,4,2,4,1,2,2,3,1,4,4,3,3,4,3,2,1,2,2,8,90,23,18,20,15,14
29,29,20902,Vrouw,04/1997,3,3,1,3,3,4,4,1,4,1,3,2,2,2,1,3,2,4,4,3,3,2,4,2,2,3,1,3,1,4,2,2,3,2,1,1,2,2,4,1,4,4,2,2,3,2,2,3,1,1,10,93,18,22,21,18,14
30,30,20362,Vrouw,10/1997,1,2,2,2,2,4,4,1,4,1,2,3,4,3,1,3,1,3,4,3,2,3,4,2,4,3,2,2,4,3,2,2,3,1,2,2,2,1,4,2,4,3,2,1,3,2,1,2,3,2,13,100,21,18,24,17,20
31,31,21367,Vrouw,06/97,3,2,1,2,2,2,4,1,3,1,1,1,1,1,1,2,2,3,2,4,4,4,1,2,2,4,1,3,3,3,2,2,3,1,3,2,1,1,4,2,4,3,2,2,3,4,2,2,2,1,13,97,30,19,20,15,13
32,32,20965,Vrouw,maart 1997,3,3,3,3,1,1,3,3,1,3,2,1,2,4,4,3,3,1,1,1,1,4,1,4,1,2,1,3,1,1,2,1,2,3,4,2,2,2,4,3,1,2,4,3,3,3,2,2,1,3,26,129,30,23,19,22,35
33,33,21034,Vrouw,07/94,2,1,2,4,2,2,4,2,4,3,3,3,4,3,2,3,1,4,4,3,3,3,2,2,3,3,3,3,3,4,1,2,3,2,3,2,3,1,4,2,4,2,2,1,3,2,2,3,3,3,20,110,26,21,26,15,22
34,34,20869,Vrouw,07/97,1,3,1,2,2,2,4,1,2,2,2,2,4,1,1,3,1,3,3,3,4,2,3,1,1,2,1,1,3,2,2,2,3,1,4,3,1,1,4,1,4,3,2,1,3,3,1,1,4,1,12,91,26,19,19,15,12
35,35,21079,Man,01/96,4,3,1,1,1,4,1,2,4,4,4,2,1,1,3,2,2,3,4,4,4,1,3,4,2,1,2,2,2,2,2,3,2,2,3,2,3,2,3,1,3,1,3,4,4,3,3,3,2,2,19,120,20,29,27,25,19
36,36,20809,Vrouw,22/12/1997,2,2,3,2,4,4,3,3,4,1,1,3,4,3,1,3,1,2,4,2,4,4,4,1,3,3,3,1,3,4,2,2,3,1,1,2,3,1,3,3,4,1,2,1,3,3,2,2,2,3,18,103,17,16,23,22,25
37,37,20266,Vrouw,01/1997,3,2,2,3,2,3,3,2,4,2,2,1,1,2,3,1,1,4,4,4,2,3,2,3,3,3,2,4,2,3,2,3,3,3,2,2,3,2,3,1,3,2,1,2,3,2,3,2,1,3,21,119,24,24,30,19,22
38,38,20947,Vrouw,07/97,2,2,2,3,2,3,3,1,3,1,1,2,3,2,1,2,1,2,4,3,2,3,3,2,1,4,1,3,3,4,2,1,3,1,3,2,1,1,2,1,4,2,2,1,2,4,1,2,4,1,15,98,27,18,17,18,18
39,39,20815,Vrouw,07/97,3,4,4,3,2,2,2,3,1,3,3,3,1,1,4,2,3,2,1,3,2,3,2,2,2,3,3,3,2,2,3,3,2,3,2,3,3,3,3,1,1,2,3,4,2,3,3,3,2,1,32,135,28,31,24,28,24
40,40,20494,Vrouw,03/97,2,3,2,3,2,2,2,2,2,1,1,3,4,4,1,3,1,3,3,3,4,3,4,1,4,3,2,1,2,3,2,2,3,1,3,3,3,2,3,2,3,2,3,1,3,4,1,2,4,2,12,102,24,17,20,20,21
41,41,20281,Vrouw,09/96,2,2,2,2,2,4,4,2,4,2,2,2,4,3,3,3,3,2,4,3,2,4,2,1,2,4,2,2,3,2,2,3,3,2,3,2,2,2,2,2,4,3,3,3,3,3,2,2,3,2,16,107,22,21,23,21,20
42,42,21211,Vrouw,10/97,4,1,1,2,1,2,2,1,3,3,3,1,2,1,1,1,2,1,3,4,4,1,1,4,1,2,2,2,3,3,2,1,3,2,3,2,2,3,1,1,2,4,1,3,3,2,2,2,3,1,24,122,30,23,27,27,15
43,43,20974,Vrouw,21/07/1997,1,4,4,2,2,4,3,1,4,2,2,2,3,1,1,3,1,3,4,4,4,3,4,2,2,3,1,2,1,3,1,3,2,1,4,3,1,2,4,1,4,3,2,1,4,2,1,1,1,1,11,87,17,18,21,16,15
44,44,20311,Vrouw,23/08/97,2,3,1,3,2,2,4,2,4,1,2,2,4,3,2,4,1,3,4,3,3,2,3,1,1,3,2,3,3,3,2,2,3,1,3,2,3,2,4,2,4,3,2,1,3,3,2,2,3,2,12,98,25,20,18,17,18
45,45,21040,Vrouw,06/1997,2,1,2,1,3,3,2,1,4,2,1,3,2,3,2,2,2,3,4,4,3,3,4,3,3,2,2,3,4,3,2,2,2,2,2,2,2,2,2,2,2,2,1,1,2,3,2,2,3,2,21,118,22,21,28,25,22
46,46,21046,Vrouw,18/97,3,3,2,4,4,3,2,3,3,3,3,4,2,2,4,2,3,3,3,2,2,3,4,2,2,2,3,1,3,4,3,2,3,3,1,3,2,3,2,3,1,2,3,4,2,3,3,1,2,3,27,126,19,28,22,29,28
47,47,21076,Man,05/96,3,2,2,4,1,3,4,1,4,2,4,3,4,3,3,4,2,3,4,3,4,1,3,2,1,2,1,1,2,3,1,2,3,2,4,1,2,3,4,3,4,4,3,2,3,3,4,2,3,2,12,99,21,25,18,17,18
48,48,20941,Vrouw,04/1997,4,1,2,2,1,1,3,2,4,2,2,1,4,2,1,1,1,3,4,4,3,3,2,1,3,2,2,2,2,4,2,4,4,3,2,1,4,2,2,3,4,3,2,2,3,2,2,3,2,2,19,116,27,17,33,21,18
49,49,21019,Vrouw,12/96,1,2,2,3,3,2,4,1,4,1,2,3,3,2,2,3,2,2,4,4,4,3,3,1,2,3,3,3,3,4,2,3,3,1,1,2,2,2,3,1,4,3,1,2,2,3,2,3,1,1,13,104,22,24,22,23,13
50,50,20659,Vrouw,10/97,3,2,1,3,2,1,3,1,3,2,3,2,4,3,2,3,2,3,3,4,4,2,3,1,2,3,3,3,4,3,2,2,4,2,4,3,2,3,4,1,4,3,2,2,3,3,3,3,2,1,16,106,28,24,22,19,13
51,51,20761,Vrouw,07/97,2,1,1,2,3,4,3,2,4,2,2,3,4,2,2,2,2,2,4,3,3,3,4,2,2,3,2,2,3,2,1,2,3,2,3,2,2,2,2,1,4,3,2,2,3,3,2,3,3,1,10,101,18,21,25,21,16
52,52,21373,Vrouw,12/1997,3,3,3,2,2,2,2,2,4,3,3,2,4,4,1,4,2,3,4,3,1,2,3,1,1,4,3,3,4,4,2,2,1,2,2,1,3,2,3,1,4,3,2,2,3,2,1,3,3,2,22,115,27,19,23,24,22
53,53,20821,Vrouw,04/97,2,3,1,1,3,4,2,1,4,1,1,2,3,2,1,2,1,1,4,3,4,4,3,2,3,4,2,1,1,1,2,4,2,1,1,2,4,1,2,1,4,3,4,1,1,3,1,3,2,1,14,97,15,19,25,24,14
54,54,20878,Vrouw,12/1997,3,2,1,1,2,4,4,4,3,1,3,2,2,3,1,3,2,4,4,3,3,3,4,1,2,1,2,3,1,3,2,2,1,3,4,3,3,4,4,1,4,1,2,3,2,2,3,3,4,2,24,117,22,26,26,22,21
55,55,21055,Vrouw,01/1997,2,1,1,2,1,2,4,2,4,4,3,2,3,2,2,3,3,3,4,2,3,2,3,2,3,3,2,3,2,3,2,1,3,2,4,3,3,2,3,2,4,3,2,2,2,2,2,3,2,2,20,116,24,26,28,19,19
56,56,20779,Vrouw,01/97,4,2,1,3,2,3,4,1,4,3,2,2,4,2,3,3,2,4,4,3,2,2,3,1,3,2,3,3,1,2,2,3,2,2,1,2,2,3,4,1,4,2,2,3,2,2,2,2,1,2,20,107,19,22,26,23,17
57,57,21616,Man,22/08/1997,2,4,1,4,2,2,4,1,4,2,1,1,4,2,2,4,1,4,4,4,4,4,2,4,1,3,3,4,2,2,2,2,4,1,3,2,2,1,4,1,4,4,4,1,4,4,1,2,2,1,8,82,25,15,13,15,14
58,58,20647,Vrouw,02/1997,1,1,1,2,3,3,4,1,2,2,1,2,4,3,2,2,1,2,3,3,4,4,4,2,4,4,2,3,2,3,2,3,3,1,3,1,2,1,3,2,3,3,1,1,3,4,1,3,4,3,16,105,25,17,27,17,19
59,59,20791,Vrouw,09/97,2,2,3,3,4,2,1,3,1,3,2,4,3,3,3,2,3,2,2,2,1,3,2,3,2,3,2,2,1,2,3,2,3,2,2,3,2,2,2,3,2,2,4,3,2,3,2,2,2,3,28,127,22,25,22,27,31
60,60,20398,Vrouw,05/97,2,2,4,3,1,4,4,4,4,2,2,1,3,2,2,3,2,2,4,2,3,2,4,2,2,3,3,3,2,3,3,2,2,2,2,2,3,2,3,2,4,2,2,2,2,2,2,3,3,2,22,120,23,24,24,24,25
61,61,20752,Vrouw,05/95,4,1,1,2,2,1,4,2,2,4,4,2,1,1,3,2,4,4,3,3,4,1,2,3,2,1,3,2,1,2,3,4,1,4,4,3,4,4,2,3,4,3,2,4,1,1,3,2,2,2,31,138,25,32,35,28,18
62,62,20257,Vrouw,06/1981,3,3,2,2,1,3,4,2,3,1,1,1,1,2,3,4,2,3,3,3,4,3,2,1,2,3,1,1,3,2,1,2,3,2,4,2,1,2,4,3,4,3,1,2,2,3,1,2,1,2,10,99,24,22,20,15,18
63,63,20746,Vrouw,05/1997,4,3,1,3,3,1,1,2,2,2,2,2,2,1,2,1,4,1,4,4,4,3,2,2,4,2,1,3,3,4,1,1,3,2,3,1,1,3,2,4,4,3,2,3,3,3,2,3,3,4,22,119,29,21,23,27,19
64,64,20935,Vrouw,01/1998,2,2,2,3,2,3,4,2,4,3,3,2,3,3,1,3,1,4,4,3,4,1,4,1,2,1,3,2,2,3,1,2,1,2,1,2,2,3,4,2,4,3,1,2,3,2,1,3,1,2,17,108,19,23,25,23,18
65,65,20458,Vrouw,07/1997,2,2,2,3,1,1,2,1,1,1,3,1,4,1,1,3,1,1,3,2,3,1,3,4,3,3,3,3,3,3,3,3,4,2,1,2,3,3,2,2,3,3,2,2,2,1,2,3,4,2,28,131,33,24,26,27,21
66,66,20548,Vrouw,05/97,2,3,2,1,4,4,4,1,4,4,2,4,4,3,1,4,1,2,4,3,4,1,4,1,3,2,3,2,1,2,3,4,3,1,3,3,2,2,3,1,4,2,3,1,3,2,2,3,2,2,15,100,13,22,26,22,17
67,67,619000,Vrouw,04/97,1,2,2,3,2,2,4,2,3,1,1,1,4,2,1,4,1,3,3,3,1,4,2,1,2,3,2,3,1,3,2,3,4,1,2,3,3,1,4,1,4,2,1,1,2,3,1,3,2,2,17,103,26,19,22,16,20
68,68,20839,Vrouw,11/97,2,1,1,1,4,4,3,2,4,2,3,3,3,4,3,3,2,3,4,3,2,2,4,2,3,2,2,2,2,3,1,2,3,3,3,2,3,3,2,4,4,3,2,3,2,1,2,3,3,4,23,121,17,27,30,22,25
69,69,20674,Vrouw,04/97,2,2,1,2,3,4,2,2,4,3,3,1,2,4,1,3,2,4,4,3,1,3,1,3,2,3,2,4,4,2,1,3,2,1,2,2,3,3,2,2,4,3,2,2,3,2,1,3,3,3,25,121,26,22,26,23,24
70,70,20569,Man,11/1995,3,2,1,4,2,4,4,1,4,2,2,2,3,1,3,4,4,4,4,3,2,3,4,2,1,3,2,3,3,3,1,3,3,3,3,1,2,3,4,2,2,4,2,3,4,2,3,2,3,2,18,102,22,21,22,19,18
71,71,21112,Vrouw,07/1996,2,3,1,2,3,3,3,1,3,1,1,3,4,1,1,3,1,3,3,3,2,4,3,2,1,4,1,2,3,3,1,2,3,1,3,1,3,1,3,1,3,2,2,1,3,4,1,3,3,1,10,89,23,15,19,15,17
72,72,20356,Vrouw,10/04/1997,2,3,2,2,1,2,3,2,4,2,2,2,4,2,2,3,1,2,4,3,3,4,2,2,3,3,2,3,3,2,3,2,3,2,3,3,2,1,2,3,3,2,2,1,2,4,1,2,4,2,18,111,27,19,22,21,22
73,73,20710,Vrouw,03/97,3,2,3,3,2,1,2,3,1,2,4,2,3,2,4,2,4,2,1,1,1,2,1,3,1,2,3,3,3,2,4,4,2,4,2,3,3,3,1,3,1,2,2,3,1,2,3,3,4,3,43,158,34,31,28,33,32
74,74,21157,Vrouw,24/12/1997,2,2,1,2,3,2,4,1,4,1,1,2,4,4,1,3,1,2,4,3,3,4,4,2,2,3,4,3,2,2,2,3,3,1,2,3,2,1,3,2,4,2,1,1,3,3,1,2,2,3,15,101,20,16,23,21,21
75,75,21391,Vrouw,oktober 1997,2,1,1,3,2,2,4,1,4,1,1,2,3,3,1,3,1,3,4,4,3,3,3,2,3,4,2,2,3,3,2,1,3,1,3,1,1,1,4,2,4,2,2,1,3,3,1,2,2,3,12,93,23,16,20,15,19
76,76,20764,Man,06/97,1,3,1,2,2,4,4,1,4,2,3,2,4,2,2,4,2,4,4,4,4,3,4,1,4,2,2,3,2,4,1,1,4,1,3,1,2,2,1,2,4,1,2,2,4,4,2,3,1,2,13,96,20,21,20,19,16
77,77,20572,Vrouw,05/1997,3,2,1,2,4,3,4,1,1,1,1,2,4,4,1,3,1,2,1,3,4,4,2,1,1,2,3,3,3,1,1,1,3,1,4,2,1,1,1,1,4,3,1,1,3,3,1,4,4,2,16,99,28,16,19,20,16
78,78,20299,Vrouw,07/97,2,1,3,2,3,3,4,3,4,2,2,2,4,4,3,3,2,4,4,3,3,3,2,1,2,3,3,4,2,4,2,3,3,3,3,2,3,2,2,4,4,2,3,2,1,3,2,3,3,4,22,122,25,24,26,20,27
79,79,21601,Vrouw,09/1996,4,4,2,1,2,2,4,3,3,2,2,2,1,2,2,2,3,3,2,3,3,4,3,3,2,3,2,4,3,2,3,2,2,2,3,2,2,3,3,1,3,2,2,3,3,3,2,3,2,2,19,117,27,22,23,23,22
80,80,20401,Vrouw,10/1996,2,2,1,3,2,4,4,1,3,1,2,3,4,4,1,2,1,3,4,3,3,2,4,2,2,4,2,1,3,4,2,1,3,2,4,1,1,2,2,3,4,2,2,1,2,2,1,3,3,1,16,98,21,19,21,17,20
81,81,20734,Vrouw,02/09/1996,2,2,2,2,1,1,1,1,1,1,1,1,4,4,2,4,2,3,2,3,2,4,2,4,1,3,3,1,2,2,3,1,1,1,2,1,1,1,3,3,1,2,3,1,2,2,1,2,1,4,23,117,28,16,17,26,30
82,82,21049,Man,08/96,2,2,2,2,3,3,3,2,4,2,2,2,3,3,2,2,2,3,3,3,3,3,3,3,3,3,3,3,4,3,2,3,3,3,3,3,2,3,3,3,3,2,2,3,2,3,2,3,3,3,24,124,25,25,27,22,25
83,83,21085,Vrouw,06/97,2,3,1,2,4,4,4,1,4,1,1,3,4,1,1,4,1,2,4,4,4,4,4,1,4,3,1,1,2,4,1,1,3,1,4,1,2,1,4,1,4,4,3,1,4,4,1,3,4,1,7,74,18,14,18,14,10
84,84,20950,Vrouw,01/1997,2,3,2,2,1,2,3,2,2,2,2,1,3,3,2,3,2,3,3,3,3,3,2,2,3,3,2,3,4,4,2,1,3,2,3,2,2,2,2,3,3,2,2,2,3,3,2,3,4,2,18,122,34,22,22,21,23
85,85,20863,Vrouw,03/97,3,4,1,3,2,1,3,1,1,2,3,1,4,2,2,3,2,3,2,4,3,3,2,2,4,3,2,3,3,3,2,2,3,2,4,2,2,2,3,1,3,3,2,2,3,2,2,3,3,2,15,112,33,21,23,19,16
86,86,20287,Man,02/91,2,2,2,2,2,2,2,2,4,3,3,2,2,3,2,3,2,2,3,2,2,2,2,2,2,2,2,2,2,3,2,2,2,2,2,2,3,2,2,2,3,2,2,2,2,3,2,2,2,3,26,125,24,25,25,26,25
87,87,21160,Vrouw,05/97,2,1,1,2,4,2,2,3,4,2,1,2,3,1,1,4,2,2,4,3,4,3,4,2,3,2,2,3,3,2,2,4,3,2,2,2,3,2,1,2,4,3,1,1,3,2,3,2,3,2,20,112,21,19,29,26,17
88,88,20794,Vrouw,10/1997,1,2,2,3,3,2,3,2,3,2,2,2,3,3,3,3,2,3,3,2,3,3,2,2,3,3,2,3,3,3,2,3,2,2,3,2,2,2,3,2,4,2,2,1,3,2,2,3,2,2,18,117,26,23,25,21,22
89,89,20428,Vrouw,12/1997,2,2,2,4,3,4,4,1,3,2,2,3,4,4,2,3,2,4,4,3,4,3,2,2,3,3,2,3,4,3,2,2,3,1,2,2,2,2,3,2,4,2,1,1,3,3,1,2,2,3,12,103,23,18,22,19,21
90,90,20425,Vrouw,09/96,2,1,2,1,4,2,4,1,4,3,4,2,1,1,3,1,3,4,4,2,4,1,3,2,4,1,4,3,1,2,4,4,1,3,2,3,4,4,3,1,4,2,1,3,1,1,3,2,1,1,31,135,18,33,38,30,16
91,91,20224,Vrouw,01-02-1997,3,2,2,4,1,1,1,1,4,2,1,2,4,1,1,4,1,3,4,3,1,4,4,1,2,4,3,2,4,4,2,3,2,1,2,2,3,1,2,4,4,3,2,1,3,3,1,4,3,4,19,109,27,16,21,23,22
92,92,20452,Vrouw,02/97,3,3,3,3,3,4,4,2,3,3,2,3,4,3,2,4,2,3,2,3,4,2,4,2,2,3,3,2,2,3,2,3,4,2,3,2,2,1,3,2,3,3,2,1,3,3,2,3,2,2,10,101,20,20,22,18,21
93,93,21103,Vrouw,08/97,2,2,1,4,4,2,4,2,4,3,3,2,3,3,2,4,2,4,4,3,3,2,3,1,2,2,3,3,2,2,2,2,2,2,4,2,2,3,2,1,4,1,2,2,2,2,2,2,3,1,19,107,21,24,22,22,18
94,94,20305,Vrouw,07/1995,3,2,1,3,3,4,2,1,4,2,4,3,3,1,3,4,4,3,4,3,4,1,4,3,2,1,2,2,1,3,1,2,1,2,3,2,2,4,4,1,4,2,1,3,1,1,4,4,1,1,18,113,15,32,24,27,15
95,95,21223,Vrouw,04/97,3,4,4,2,2,2,4,1,2,2,2,1,2,3,3,2,1,4,3,4,4,2,2,4,3,3,3,3,1,2,2,3,4,3,4,1,3,1,2,1,2,1,2,2,4,2,2,3,3,2,26,116,27,22,27,16,24
96,96,20617,Vrouw,07/97,2,2,2,2,3,3,4,1,4,2,2,2,3,3,2,3,2,4,4,3,4,3,2,3,3,3,1,3,1,3,2,2,3,2,3,2,2,2,3,2,3,3,2,2,3,3,2,2,1,2,11,102,20,21,24,17,20
97,97,21208,Vrouw,11/1997,1,3,1,3,2,4,4,1,4,1,1,2,3,2,2,3,1,2,4,4,4,4,3,1,1,4,2,1,2,3,1,1,4,1,4,2,1,1,4,1,3,3,2,1,3,4,1,2,1,1,6,77,18,18,15,13,13
98,98,20503,Vrouw,04/1997,2,2,1,2,4,4,4,1,4,1,1,4,4,1,1,4,1,2,4,4,1,4,4,1,2,4,1,3,1,3,2,1,4,1,4,1,1,1,4,1,4,4,1,1,4,4,1,2,1,1,8,71,14,13,18,13,13
99,99,20584,Vrouw,05/96,3,2,1,2,3,3,2,1,3,2,2,3,3,2,2,3,2,4,4,3,3,3,3,3,2,3,2,2,3,3,2,2,3,2,2,1,2,2,3,1,4,3,3,2,3,3,2,3,3,3,10,103,22,20,22,21,18
100,100,20197,Vrouw,08/1997,2,2,3,2,4,4,4,2,4,3,2,3,2,4,2,3,1,3,4,3,2,2,4,2,2,2,4,3,2,3,2,2,3,2,2,3,2,2,3,3,4,2,2,2,3,2,2,2,3,3,21,115,18,24,25,22,26
101,101,21292,Vrouw,07/96,2,3,1,3,3,3,2,1,3,1,1,1,4,1,2,2,1,2,4,4,4,4,2,1,2,3,2,3,2,4,1,2,2,1,2,1,2,1,3,1,2,2,1,1,3,3,1,2,3,1,14,97,26,15,21,21,14
102,102,20446,Vrouw,02/1997,3,2,3,3,3,3,4,2,3,3,3,2,3,3,2,3,2,3,4,4,3,2,3,3,2,2,2,3,2,3,2,2,2,2,3,2,2,3,3,3,3,3,3,2,3,2,3,3,2,3,18,115,22,24,23,22,24
103,103,20090,Vrouw,06/97,2,1,4,2,3,2,3,1,2,1,1,3,3,3,2,2,1,2,3,4,4,2,3,1,1,2,2,1,4,3,2,1,3,1,2,1,2,1,3,2,4,2,2,1,3,2,1,3,3,2,19,106,25,19,22,21,19
104,104,20824,Vrouw,17/02/97,1,2,2,3,2,2,4,1,4,1,1,2,4,2,1,3,1,3,4,4,3,4,3,1,3,4,1,2,4,3,1,2,4,1,1,1,1,1,2,3,4,4,2,1,4,4,1,1,4,1,13,89,26,13,19,16,15
105,105,20476,Vrouw,11/1997,3,1,2,2,1,1,4,1,1,1,2,2,4,3,1,4,1,3,2,4,4,2,3,2,2,4,2,3,3,3,1,2,3,2,3,4,2,1,4,2,4,2,1,1,1,1,1,3,4,3,20,113,33,22,25,14,19
106,106,20971,Man,12/1991,1,2,1,1,1,1,3,1,3,1,1,1,3,1,3,2,2,3,3,4,1,4,1,3,2,4,1,4,4,4,1,1,3,1,4,1,2,1,2,1,1,4,2,2,4,2,1,1,3,1,19,109,35,17,23,16,18
107,107,21466,Man,23/12,3,2,3,3,2,1,2,2,2,3,1,1,2,2,2,2,1,3,1,2,3,3,1,3,3,3,1,3,4,4,1,2,2,1,3,1,2,1,2,2,2,4,2,2,4,4,1,2,4,2,23,119,37,17,23,19,23
108,108,20719,Vrouw,04/1997,2,2,1,3,2,3,4,2,4,2,3,1,3,2,2,2,2,4,4,2,1,2,2,1,3,1,3,4,3,3,3,2,3,3,1,2,3,3,2,1,2,2,1,2,1,2,2,2,4,1,28,128,28,25,28,26,21
109,109,20923,Vrouw,november 1997,2,2,1,2,1,3,3,2,3,2,2,1,4,2,1,2,1,2,3,2,2,3,3,1,2,3,2,3,3,4,2,3,3,1,3,1,2,1,3,1,4,2,2,1,2,3,1,2,3,1,17,107,29,17,24,19,18
110,110,21700,Vrouw,08/1997,3,2,1,1,3,4,3,3,4,4,3,3,4,4,1,2,2,3,4,3,1,3,4,2,4,3,4,4,2,3,3,3,3,2,1,2,3,2,4,4,4,2,3,1,3,3,1,3,1,3,20,117,18,18,30,24,27
111,111,20212,Vrouw,10/97,3,2,2,2,3,2,4,1,4,1,2,4,4,4,2,4,2,3,4,4,4,3,4,2,3,4,2,3,1,3,2,2,1,2,3,1,3,2,3,1,3,1,1,1,4,2,1,3,4,1,14,100,20,16,25,20,19
112,112,20194,Vrouw,04/96,3,3,4,2,2,4,1,4,4,2,3,3,3,4,4,1,4,2,4,2,1,2,3,3,2,2,3,3,1,2,3,2,2,2,2,3,3,3,2,3,1,2,4,3,2,3,2,3,1,4,32,136,17,28,23,32,36
113,113,20368,Vrouw,01/11/1997,3,2,1,2,2,4,3,1,3,2,3,1,4,3,2,3,2,2,4,4,3,3,2,1,1,3,1,4,2,2,1,3,3,1,3,1,2,2,3,2,4,4,4,2,4,3,2,1,1,3,11,95,23,17,20,19,16
114,114,21310,Vrouw,12/97,2,2,2,3,2,3,4,2,4,2,2,4,2,2,2,3,2,3,4,4,4,3,4,1,2,3,3,3,2,3,3,2,4,2,4,1,2,3,2,3,4,1,2,2,3,2,2,3,3,2,16,105,20,22,23,21,19
115,115,20320,Vrouw,07/97,1,1,1,1,1,1,4,1,4,1,2,1,4,1,1,3,1,3,4,3,1,3,3,1,1,3,1,4,1,4,1,1,4,1,4,1,3,1,4,1,4,4,1,1,4,2,2,2,1,1,12,93,26,17,24,12,14
116,116,20341,Vrouw,23/02/1996,3,1,1,2,1,4,4,1,4,1,3,2,4,2,2,2,2,2,4,2,2,2,2,4,2,4,2,2,2,2,2,2,2,2,3,2,2,2,4,2,2,2,2,2,2,2,2,2,1,3,19,111,20,22,25,19,25
117,117,20644,Vrouw,02/97,3,2,2,2,2,2,4,2,2,2,4,2,2,1,2,1,3,3,2,3,4,2,2,1,4,1,2,2,3,3,3,1,2,3,4,3,2,3,2,1,1,3,1,4,2,1,3,2,3,2,30,131,29,29,30,25,18
118,118,21364,Vrouw,05/97,2,3,3,2,2,3,4,2,2,3,3,2,3,1,1,3,2,3,2,3,4,2,1,1,3,2,1,1,3,3,2,2,3,2,3,2,3,3,3,2,2,3,2,2,2,2,2,3,3,2,23,117,28,24,26,20,19
119,119,21364,Vrouw,05/97,2,3,3,2,2,3,4,2,2,3,3,2,3,1,1,3,2,3,2,3,4,2,1,1,3,2,1,1,3,3,2,2,3,2,3,2,3,3,3,2,2,3,2,2,2,2,2,3,3,2,23,117,28,24,26,20,19
120,120,21526,Vrouw,09/96,3,1,1,1,1,2,3,1,2,3,4,1,3,1,1,3,2,4,3,4,4,1,1,3,3,1,2,2,3,1,2,1,1,2,3,2,3,3,1,1,1,4,1,3,1,1,2,3,4,2,25,129,30,27,30,26,16
121,121,20650,Vrouw,10/07/1997,3,2,1,2,3,4,4,1,2,2,2,2,3,2,2,3,2,3,4,3,4,2,3,1,3,3,2,2,3,4,2,1,3,3,3,2,2,3,3,1,4,3,3,2,3,2,2,1,2,1,11,100,23,20,24,20,13
122,122,20827,Vrouw,08/96,2,2,2,3,3,4,4,2,4,1,2,4,4,2,1,4,1,3,4,4,4,3,4,1,2,3,2,1,1,2,1,2,3,2,4,2,2,2,3,1,3,2,3,1,3,4,2,1,1,1,3,79,12,17,18,16,16
123,123,20788,Man,02/1996,3,1,3,2,3,3,4,3,4,3,3,2,4,2,3,4,3,4,4,3,1,3,3,3,1,3,2,2,2,2,2,2,3,3,3,3,3,3,3,2,3,4,1,2,3,2,3,2,3,3,20,115,20,23,27,20,25
124,124,20614,Vrouw,01/97,2,3,2,2,3,2,4,2,4,2,2,3,4,2,1,3,2,3,4,4,2,3,4,1,1,3,2,2,2,2,3,1,4,2,4,2,2,2,3,2,4,3,2,2,4,4,1,2,2,1,6,89,18,17,19,18,17
125,125,20797,Vrouw,01/97,3,2,2,2,1,2,4,2,3,2,3,1,2,2,3,2,3,2,3,3,2,2,2,3,2,2,2,3,1,3,2,2,2,3,3,2,2,3,2,2,3,3,2,3,3,1,3,2,1,1,26,125,26,26,27,25,21
126,126,20683,Vrouw,07/76,3,3,1,3,3,2,3,1,2,2,1,4,3,2,1,4,1,4,2,4,4,4,3,3,1,4,1,2,3,2,2,3,4,1,3,1,3,1,4,1,4,2,3,1,4,4,1,1,2,1,8,81,23,12,18,13,15
127,127,20479,Vrouw,Juni 1997 ,2,2,2,2,1,3,4,1,4,2,2,1,4,1,2,3,2,3,4,4,3,3,3,1,2,3,1,2,2,4,1,3,4,1,4,1,2,2,4,1,4,4,1,2,4,2,2,2,1,2,9,93,23,18,25,14,13
128,128,20884,Vrouw,01/97,3,3,3,2,3,3,4,1,4,4,3,1,4,1,1,2,1,2,4,2,2,2,1,1,4,3,2,1,2,2,1,3,2,3,2,2,2,1,1,1,4,2,2,2,2,2,2,2,2,2,21,112,21,21,30,21,19
129,129,20782,Vrouw,21/12/1997,1,2,1,1,1,2,4,1,3,2,3,1,3,2,1,2,1,2,3,2,3,3,2,1,2,2,1,1,2,3,1,2,4,1,3,2,3,2,4,1,4,4,1,1,2,2,2,3,4,1,19,108,28,23,27,16,14
130,130,21064,Man,10/12/1996,2,1,3,2,2,2,2,3,2,3,2,1,4,3,2,2,2,3,2,2,4,3,3,3,2,2,2,2,3,2,3,4,2,1,3,3,4,3,3,2,4,3,2,2,3,2,2,2,3,2,27,127,28,21,30,25,23
131,131,20515,Vrouw,11/1997,1,2,1,3,3,4,3,1,4,2,2,4,4,2,1,2,2,3,4,3,4,3,4,1,1,3,3,2,1,1,2,1,4,1,1,1,3,2,2,1,4,2,4,1,1,3,2,2,1,1,9,88,12,20,19,23,14
132,132,21163,Vrouw,09/1997,2,2,2,3,2,3,4,2,4,2,2,2,4,3,2,3,1,3,4,4,3,4,3,2,2,3,2,3,2,4,2,2,3,2,3,1,2,2,3,2,4,3,2,1,3,3,2,2,3,2,9,100,24,17,22,18,19
133,133,20461,Vrouw,09/1997,2,2,1,3,2,2,4,1,4,1,1,2,4,3,1,3,1,3,4,4,3,4,2,3,3,4,2,3,2,4,1,3,4,1,3,1,2,1,4,2,4,4,3,1,4,3,1,1,3,1,13,88,26,12,21,13,16
134,134,21151,Man,06/07/1997,2,2,1,2,3,2,4,1,3,2,3,1,4,3,3,2,3,3,2,3,3,2,2,2,2,1,2,2,3,3,2,3,2,3,3,2,3,3,4,2,2,2,2,2,3,1,2,2,2,1,25,122,27,23,29,23,20
135,135,20626,Vrouw,01/97,2,2,2,4,1,4,4,1,4,3,1,3,3,1,1,3,1,2,4,4,3,4,4,1,3,4,1,2,3,1,1,4,2,1,1,2,2,1,3,1,4,3,3,1,4,3,3,4,4,2,13,94,20,19,23,18,14
136,136,20413,Man,05/97,3,3,1,2,2,2,4,2,4,2,4,2,4,2,2,3,1,4,2,2,4,2,2,3,2,2,2,2,4,3,2,2,2,1,4,3,4,3,1,2,2,3,2,2,3,2,2,2,2,1,21,115,27,23,24,21,20
137,137,20350,Vrouw,03/1997,2,2,1,2,4,2,4,1,2,1,2,2,2,1,1,1,2,3,2,4,3,3,2,2,4,3,1,2,3,3,1,3,3,1,2,2,1,2,3,1,1,3,1,1,4,3,2,3,3,1,19,107,27,20,26,18,16
138,138,20686,Vrouw,04/96,3,3,1,2,3,4,4,1,3,3,2,4,3,4,2,4,2,4,4,3,4,3,2,3,1,3,3,1,3,4,3,2,4,2,2,2,3,2,4,2,4,4,1,3,2,4,2,4,4,2,16,105,22,24,22,19,18
139,139,20968,Vrouw,11/1996,2,3,1,3,3,4,4,1,4,2,3,2,2,2,3,3,2,3,4,4,3,1,4,1,2,3,2,2,2,4,3,2,3,2,4,2,2,2,2,2,3,2,2,3,2,3,3,3,2,4,16,109,19,30,21,20,19
140,140,21181,Vrouw,02/97,3,1,2,1,1,3,3,1,1,4,3,1,4,3,2,3,1,2,1,3,4,1,1,1,4,2,1,3,4,4,3,4,3,3,4,2,4,3,3,1,4,2,2,2,1,1,3,2,4,3,29,137,37,25,36,21,18
141,141,20317,Vrouw,07/1994,2,2,2,2,2,2,4,2,4,2,2,2,3,2,2,3,2,3,3,3,3,3,2,2,3,3,2,2,3,2,2,2,3,2,3,2,3,2,2,2,3,3,2,2,3,3,2,3,3,2,14,112,25,22,25,20,20
142,142,21322,Vrouw,06/97,3,1,1,3,2,1,2,1,4,4,4,3,4,4,2,4,1,4,2,4,4,2,4,1,4,2,4,1,4,4,1,3,4,1,4,4,2,3,3,1,4,4,1,1,2,2,2,3,1,2,21,111,24,25,28,20,14
143,143,20536,Vrouw,01/97,1,3,2,3,2,2,4,1,4,3,1,4,4,4,1,4,2,3,4,3,4,3,4,1,1,2,2,2,3,3,2,4,4,1,3,2,1,3,2,1,4,2,2,2,2,3,2,2,3,3,16,101,21,20,20,21,19
144,144,20740,Vrouw,05/97,2,2,2,2,2,1,4,1,3,2,2,3,3,3,2,3,1,3,4,3,4,2,3,1,2,2,2,3,4,4,1,1,2,2,1,1,1,2,1,3,4,2,2,1,2,2,2,3,3,4,22,116,28,22,22,23,21
145,145,20581,Vrouw,30 september 1997,2,2,2,3,3,4,4,2,4,2,2,2,4,3,2,2,2,3,4,3,3,3,4,1,2,4,3,2,3,4,2,2,2,2,2,2,2,2,3,2,4,2,1,1,2,2,2,2,2,2,14,106,20,20,25,21,20
146,146,18019,Vrouw,11/96,3,1,2,2,3,2,1,1,3,1,3,1,3,3,2,3,2,3,2,3,4,2,2,2,2,3,2,3,3,4,2,2,3,1,3,1,2,2,3,2,2,3,3,2,3,2,3,1,2,3,17,115,29,21,22,22,21
147,147,21646,Vrouw,13/08/1995,2,1,1,2,2,2,4,1,1,1,3,2,3,2,2,3,1,4,1,4,4,4,2,1,4,4,2,3,3,4,1,2,4,1,2,1,3,1,4,2,4,2,2,1,2,1,2,1,2,4,21,108,32,19,27,13,17
148,148,21001,Vrouw,06/97,2,3,2,4,4,4,4,2,4,2,2,2,4,2,1,4,1,2,4,4,4,3,3,2,2,3,1,1,2,3,2,2,2,1,3,1,1,2,3,1,4,3,3,2,4,3,2,3,3,2,7,87,18,18,16,19,16
149,149,20962,Man,10/97,2,2,1,2,3,4,4,1,3,1,2,2,2,2,3,3,2,4,4,3,4,2,3,3,2,2,2,3,2,2,2,3,3,2,4,3,3,3,3,1,2,2,2,2,2,2,2,2,2,1,19,108,20,26,25,19,18
150,150,20587,Vrouw,12/1997,2,2,3,2,4,4,2,4,4,3,2,3,3,3,2,2,2,2,4,2,1,3,3,1,2,3,3,3,1,2,2,3,3,2,2,2,2,3,2,1,4,4,2,2,2,2,2,2,1,2,21,113,15,22,27,26,23
151,151,20812,Vrouw,09/97,3,2,2,3,3,3,4,3,4,3,4,3,2,4,2,3,2,4,4,3,2,2,3,2,3,2,2,3,2,3,2,3,1,2,3,2,3,3,3,3,3,3,2,3,2,1,3,3,2,3,24,124,20,28,28,22,26
152,152,21100,Vrouw,09/1997,4,4,2,2,2,1,4,4,3,1,1,1,4,4,2,3,1,4,4,4,3,4,4,4,4,4,3,3,2,4,2,1,4,1,4,1,1,1,4,2,4,1,2,1,3,4,1,2,4,3,15,99,28,13,18,13,27
153,153,20314,Vrouw,05/97,3,2,1,1,3,1,2,1,4,4,1,4,3,1,1,2,1,4,4,3,3,4,4,1,2,3,3,1,1,1,2,3,4,1,4,3,2,1,4,1,4,3,2,1,2,4,1,4,4,2,13,92,17,19,26,16,14
154,154,20890,Vrouw,09/1997,3,4,3,3,3,1,2,3,1,2,3,3,1,2,3,3,3,2,1,3,4,4,1,3,4,2,2,3,4,2,3,2,3,2,3,2,3,3,2,2,2,2,3,2,2,3,2,2,4,2,25,130,33,24,22,27,24
155,155,20512,Vrouw,14-10-1993,2,2,1,2,3,3,4,1,4,2,1,3,2,2,1,2,1,2,4,4,3,3,2,1,2,4,1,1,2,3,1,1,4,1,3,1,2,1,3,1,4,3,2,2,3,3,1,2,3,1,10,87,20,18,22,14,13
156,156,21433,Vrouw,10/1997,2,1,1,3,3,3,1,1,3,2,3,2,3,1,3,3,2,2,3,3,2,1,3,2,4,2,2,2,3,1,2,2,2,3,3,2,2,4,1,2,3,4,2,2,3,1,2,2,3,2,19,121,22,25,28,29,17
157,157,20845,Vrouw,22/09/1997,3,1,1,2,1,1,2,1,3,1,2,1,4,2,1,3,1,3,2,3,2,3,1,1,3,3,1,3,3,3,1,2,2,3,2,1,2,1,3,3,3,2,1,1,3,3,1,2,2,3,20,113,32,15,26,19,21
158,158,21343,Man,06/1997,2,3,1,2,2,2,3,1,3,1,3,2,4,2,2,3,2,2,3,3,4,3,2,2,3,3,2,2,3,2,2,3,4,2,4,2,2,2,3,2,4,3,1,2,2,2,2,2,3,1,15,107,26,22,25,19,15
159,159,20434,Vrouw,07/97,4,4,1,3,2,1,1,4,1,1,3,1,2,3,4,1,2,1,1,1,1,3,1,4,3,3,2,1,4,3,4,2,3,2,2,3,4,2,2,3,1,2,3,2,4,4,2,1,1,1,28,135,32,22,22,28,31
160,160,20749,Vrouw,01/97,2,2,2,3,2,1,3,1,4,1,2,3,3,4,1,3,1,3,3,3,4,2,4,1,3,2,3,2,3,3,2,2,3,2,2,3,2,2,3,2,3,3,2,1,2,3,2,3,2,1,16,108,23,23,22,22,18
161,161,20443,Vrouw,05/1997,3,1,1,2,4,3,2,1,4,1,2,2,2,2,2,1,1,2,4,4,4,3,3,2,3,4,3,3,1,3,2,2,2,3,4,2,3,2,2,1,1,3,1,2,3,2,2,2,1,2,18,108,18,21,30,22,17
162,162,20998,Vrouw,04/97,1,2,3,2,4,1,2,3,2,4,2,1,4,3,2,4,1,4,2,4,2,1,2,2,2,3,1,3,3,4,1,1,4,2,3,1,1,4,4,1,4,3,1,2,4,3,2,1,2,2,20,111,30,20,23,17,21
163,163,21133,Vrouw,04/96,2,3,2,2,2,2,3,2,4,2,3,2,4,3,3,3,1,4,3,3,3,3,3,2,2,2,2,3,2,2,3,2,3,2,3,2,3,2,2,2,4,3,3,2,3,3,2,4,2,2,14,110,23,24,22,21,20
164,164,20542,Vrouw,03/97,1,2,2,3,1,4,3,1,4,2,2,4,4,4,1,4,1,2,4,3,2,2,4,1,2,3,2,2,1,3,2,2,3,1,2,2,3,2,3,2,4,3,3,1,3,3,2,2,1,2,10,97,16,20,20,21,20
165,165,20215,Man,10/93,3,3,2,2,2,2,2,1,4,2,4,1,3,1,2,2,3,3,4,3,4,1,3,1,2,1,4,3,3,1,3,3,2,2,4,4,3,4,3,3,3,3,3,3,2,1,3,4,3,3,27,128,24,31,26,29,18
166,166,20260,Vrouw,08/12/1997,3,2,1,1,1,3,3,1,3,2,2,2,3,1,1,2,1,2,3,3,4,3,3,1,3,3,2,2,3,4,2,2,2,1,4,1,1,1,4,1,4,3,1,1,3,3,1,1,3,1,12,97,27,15,25,18,12
167,167,20416,Vrouw,31/03/1997,2,1,2,2,1,3,4,1,3,2,1,2,4,4,1,3,2,2,3,3,3,2,3,2,2,3,3,3,2,2,2,2,3,2,2,2,2,1,3,2,4,1,1,1,2,2,2,2,4,2,16,114,26,19,26,21,22
168,168,20440,Vrouw,06/97,2,1,1,3,3,2,4,1,2,1,1,1,4,1,1,2,1,2,2,3,3,4,3,1,2,4,2,3,4,4,2,2,4,1,3,1,1,1,2,1,3,4,2,1,4,3,1,2,4,1,14,96,32,13,21,17,13
169,169,21418,Man,08/1996,3,2,1,2,2,2,3,1,4,3,3,2,3,1,4,2,3,3,4,4,3,1,3,4,3,3,1,3,1,2,1,3,2,2,4,1,3,3,3,1,4,2,4,3,3,3,3,2,1,2,21,109,20,26,26,20,17
170,170,20920,Vrouw,11/03/1997,2,1,2,2,2,1,4,1,2,1,3,1,1,1,2,2,1,1,1,3,3,2,4,1,1,1,2,2,1,1,1,2,1,1,4,1,2,2,3,1,1,1,1,1,2,1,1,2,3,1,21,115,26,23,25,22,19
171,171,21730,Vrouw,20/01/1997,2,2,1,3,2,2,4,1,4,2,2,3,4,1,1,3,1,1,3,3,3,3,2,1,2,3,2,2,3,3,2,2,3,1,2,2,3,1,3,1,4,3,3,2,3,2,2,2,4,2,12,101,26,19,22,20,14
172,172,21268,Vrouw,07/97,2,2,2,2,3,3,4,2,4,3,3,3,2,3,2,2,2,2,3,2,2,3,3,2,2,2,2,2,3,2,2,3,3,2,3,2,2,3,2,2,3,3,3,3,2,2,2,2,3,2,20,118,21,25,26,23,23
173,173,21349,Vrouw,09/97,3,1,2,3,3,4,2,2,3,3,3,2,2,1,1,1,3,3,4,4,4,1,2,2,3,1,3,3,3,2,3,3,2,2,1,4,3,4,2,2,3,2,2,3,1,2,3,2,4,2,30,133,24,29,30,32,18
174,174,20611,Vrouw,10/97,3,2,2,4,2,4,4,1,4,1,2,1,2,3,3,4,3,4,4,4,3,2,4,2,2,3,1,1,3,3,3,1,4,2,3,1,1,1,3,4,4,1,2,3,1,2,4,3,3,3,21,107,21,28,18,17,23
175,175,21004,Vrouw,09/97,2,2,2,3,3,4,4,2,4,2,2,4,4,2,1,2,2,4,4,2,4,3,4,1,3,3,3,2,1,3,2,3,3,1,2,3,3,2,3,1,4,3,2,2,2,2,2,2,3,2,15,100,16,21,26,20,17
176,176,20680,Vrouw,08/97,2,2,2,3,2,4,4,2,4,4,3,4,3,3,2,3,2,4,4,3,3,2,4,4,3,2,2,3,2,2,3,2,2,2,3,3,3,3,2,2,3,3,1,1,3,2,2,3,2,2,20,115,17,24,28,23,23
177,177,21256,Vrouw,12/96,2,2,2,2,2,3,3,1,3,1,1,1,3,3,1,3,1,2,4,2,4,4,2,4,3,3,2,2,3,2,2,2,3,1,3,1,3,1,3,1,2,4,3,2,3,2,1,3,2,1,16,103,24,17,23,19,20
178,178,20770,Man,10/96,2,3,1,2,3,4,4,1,3,2,1,3,3,3,3,3,2,3,2,3,4,3,3,2,2,2,3,2,3,3,2,3,4,2,3,2,2,2,3,2,3,3,2,2,3,4,3,2,3,2,13,105,23,22,22,20,18
179,179,20980,Vrouw,06/97,3,3,1,2,1,2,3,1,3,3,4,1,1,1,2,3,3,4,3,3,4,2,2,2,2,2,2,3,1,4,1,2,2,2,4,2,3,4,3,1,4,3,3,2,3,2,3,2,3,3,20,116,29,26,24,22,15
180,180,20800,Vrouw,09/97,2,2,2,2,3,3,4,1,4,3,2,3,2,3,1,3,2,4,3,3,3,3,2,1,3,3,1,1,3,2,1,3,3,2,4,1,3,3,4,1,4,3,1,1,3,2,3,3,3,3,18,104,21,21,29,15,18
181,181,20713,Vrouw,05/1997,1,1,1,2,1,2,4,1,4,4,1,1,3,2,1,4,1,2,4,4,4,4,4,1,3,3,2,3,1,4,1,3,2,1,3,2,1,1,1,1,4,2,2,1,4,2,1,2,4,2,18,102,26,16,26,20,14
182,182,20767,Vrouw,10/1997,2,2,2,3,3,1,4,1,2,2,3,2,4,4,2,2,2,4,1,4,4,2,3,2,3,2,2,3,3,1,2,2,3,2,2,1,3,3,4,2,4,3,2,2,3,3,2,3,4,3,21,115,29,22,25,20,19
183,183,20338,Vrouw,06/97,2,2,3,2,2,4,4,2,4,2,2,4,4,4,2,4,1,4,4,4,4,4,3,1,2,4,2,3,2,4,1,2,4,2,3,2,2,1,4,2,4,2,1,1,3,4,1,3,4,1,12,93,22,18,22,12,19
184,184,20248,Vrouw,12/1997,2,1,3,2,2,3,3,2,4,3,4,3,3,3,2,2,3,4,3,3,3,2,3,2,4,2,2,3,3,2,2,3,2,4,3,2,3,4,2,3,4,2,1,3,3,2,3,2,3,3,29,132,23,26,34,25,24
185,185,20179,Vrouw,24/01/1997,2,2,1,1,3,2,3,1,3,1,2,1,4,1,1,3,1,1,4,2,1,2,3,1,3,2,1,3,3,4,1,1,4,2,3,1,2,1,2,1,4,3,2,1,2,2,1,2,3,1,19,104,27,18,24,19,16
186,186,21028,Vrouw,09 1996,3,2,2,2,3,3,4,2,4,1,1,3,3,4,2,4,2,4,4,3,1,3,4,2,3,2,1,2,2,4,2,1,3,1,2,1,2,2,2,1,3,2,1,1,3,3,2,2,3,2,12,102,20,17,21,20,24
187,187,21328,Vrouw,01/97,3,2,2,1,1,1,3,3,4,2,3,3,4,1,1,3,1,2,4,3,4,3,3,1,2,4,2,3,1,2,1,1,4,1,4,2,3,1,3,1,4,2,4,1,3,2,2,3,1,1,12,93,21,19,22,15,16
188,188,21370,Vrouw,02/97,2,3,1,2,1,2,4,1,2,1,1,2,4,2,1,4,1,2,4,4,4,4,2,1,1,3,1,2,4,3,1,2,4,1,4,1,2,1,3,1,4,2,4,1,3,3,1,2,4,1,12,87,30,14,16,14,13
189,189,20500,Vrouw,09/97,3,2,1,3,3,3,3,3,3,3,3,2,3,2,3,2,3,2,3,2,1,1,2,2,2,3,2,4,3,2,2,3,2,3,2,3,2,3,2,3,2,3,2,3,3,2,3,1,4,3,30,132,27,26,27,26,26
190,190,20842,Man,02/97,3,4,2,2,2,3,3,2,3,3,3,2,3,3,1,2,2,3,3,3,3,3,2,2,2,2,3,2,2,2,2,3,3,2,3,2,3,2,2,2,3,2,3,2,3,3,2,2,3,2,15,113,24,20,24,23,22
191,191,21262,Vrouw,23/01/1997,2,2,2,3,2,4,4,1,4,3,2,2,3,3,2,2,2,3,4,4,2,2,4,2,3,2,2,3,2,3,2,2,3,2,4,2,3,2,3,2,2,3,2,2,3,3,2,2,3,2,17,109,21,22,26,19,21
192,192,20560,Vrouw,07/02/1997,3,3,3,3,3,3,1,4,2,3,3,4,2,4,4,3,4,2,2,2,1,2,3,3,2,3,4,2,2,2,3,2,3,3,3,4,2,3,2,4,2,3,3,3,3,4,3,2,1,3,27,133,20,29,21,30,33
193,193,20530,Vrouw,februari 1997,3,2,3,3,2,3,3,2,3,2,2,2,2,3,2,3,2,1,3,3,4,2,3,2,1,3,1,2,3,3,2,2,3,2,3,2,2,1,2,2,4,2,2,2,2,3,2,2,3,2,15,111,25,23,21,21,21
194,194,21037,Vrouw,07/97,2,1,1,2,1,2,3,1,4,4,2,1,4,1,1,3,1,1,2,4,3,4,2,1,4,4,2,3,4,2,1,4,4,2,1,1,4,1,4,1,1,1,3,1,4,3,1,3,4,1,20,112,31,15,31,18,17
195,195,21220,Vrouw,07/97,2,2,1,2,1,4,4,4,4,2,1,3,4,2,1,2,1,4,4,2,4,2,4,2,4,2,3,2,2,3,2,2,2,1,2,1,3,1,4,1,4,3,1,1,2,1,3,2,3,1,20,105,20,19,29,19,18
196,196,21130,Man,06/1996,3,4,1,3,1,4,2,1,4,1,1,3,3,1,3,4,3,3,3,4,4,3,2,1,1,3,1,3,2,4,1,2,4,3,4,1,1,2,4,1,4,4,3,2,4,4,2,1,2,1,8,83,24,17,15,17,10
197,197,20914,Vrouw,09/97,4,3,3,2,3,2,2,3,1,2,2,2,1,3,3,2,3,2,1,2,2,2,2,3,3,3,3,2,2,2,2,2,2,3,2,3,3,3,2,2,2,2,3,4,3,3,3,2,2,2,32,135,27,27,25,28,28
198,198,20662,Man,04/1997,3,2,3,4,2,1,4,2,4,2,3,2,4,3,3,3,2,4,2,4,4,2,2,1,4,1,2,3,2,4,2,2,1,3,4,2,1,3,4,3,2,4,2,2,3,2,3,1,2,1,23,114,28,22,24,21,19
199,199,20491,Vrouw,06/97,2,2,2,3,3,3,3,2,4,2,2,1,3,3,2,3,2,3,3,3,3,3,2,1,3,2,2,3,2,1,2,2,3,2,3,2,2,2,3,1,4,2,1,1,3,2,2,3,1,1,12,106,21,21,25,21,18
200,200,20203,Vrouw,01/97,3,2,1,1,1,3,4,1,4,1,1,1,4,1,3,4,1,3,4,4,4,4,4,4,1,2,1,3,4,2,1,1,4,2,4,1,1,3,4,1,4,4,4,2,4,3,2,1,1,1,10,83,23,15,17,15,13
201,201,20410,Vrouw,11/97,1,2,2,2,3,3,4,2,4,1,2,3,4,3,1,3,1,2,4,3,1,2,3,4,3,3,2,2,1,4,2,1,4,1,1,1,3,2,3,1,4,3,1,1,4,2,2,3,3,2,16,106,20,19,24,20,23
202,202,20917,Vrouw,24/02/1998,4,3,4,2,4,2,3,3,1,4,3,4,1,4,4,2,4,3,1,2,3,2,1,4,1,1,3,2,3,2,2,3,2,4,1,4,3,4,1,3,1,3,2,4,1,2,4,3,3,4,38,155,27,34,29,32,33
203,203,20221,Man,12/1995,3,1,1,1,2,3,1,2,4,4,3,3,3,1,1,1,2,3,4,3,3,1,2,4,3,1,2,3,1,1,2,2,1,3,4,1,2,3,2,1,4,3,1,2,3,2,1,3,1,1,20,116,18,21,33,27,17
204,204,20599,Vrouw,05/97,1,2,2,3,4,4,4,1,4,1,1,4,4,4,1,4,1,4,4,4,3,4,4,4,4,4,2,3,4,3,2,2,4,1,4,1,1,1,4,4,4,2,3,1,4,4,1,3,3,3,13,89,19,15,18,12,25
205,205,20596,Vrouw,18/10/1997,3,3,1,1,4,4,4,2,4,2,1,2,3,1,1,3,2,3,4,4,4,4,4,2,2,4,2,2,3,3,2,2,4,2,4,2,2,2,4,1,4,4,2,3,4,4,2,2,1,3,7,85,17,17,22,15,14
206,206,21010,Vrouw,06/97,2,2,3,2,3,3,4,1,4,2,2,2,2,2,1,4,1,2,4,4,4,3,4,1,1,2,4,3,2,2,2,2,3,3,3,2,2,1,3,2,4,1,2,2,3,2,3,3,3,1,17,104,20,23,23,21,17
207,207,20995,Man,05/1997,2,2,2,2,2,2,2,2,2,2,2,2,2,2,2,2,2,2,2,2,2,2,2,2,2,2,2,2,2,2,2,2,2,2,2,2,2,2,2,2,2,2,2,2,2,2,2,2,2,2,25,125,26,24,25,26,24
208,208,21325,Vrouw,03/1997,2,2,2,2,3,2,3,1,3,2,2,2,3,3,2,3,2,3,3,3,4,3,3,2,2,3,2,3,2,3,2,2,3,1,2,2,2,2,3,1,2,3,2,2,3,3,2,3,3,2,13,109,25,22,22,21,19
209,209,21277,Vrouw,1997,3,3,3,4,2,2,4,2,2,1,1,2,4,3,2,4,1,2,4,3,3,3,2,1,3,3,1,2,3,3,2,2,3,2,3,2,2,2,3,2,4,3,2,1,4,2,2,2,4,3,15,103,28,16,20,18,21
210,210,20866,Vrouw,12/96,2,1,3,1,2,3,3,1,3,2,3,2,2,3,1,3,2,3,3,3,4,1,2,2,3,1,3,3,2,2,2,3,1,2,2,3,2,2,3,3,4,2,1,2,2,1,2,2,3,3,26,129,25,26,30,26,22
211,211,20389,Vrouw,02/95,3,3,3,1,4,4,4,4,4,4,4,4,4,3,2,4,1,4,2,1,4,1,4,3,3,1,4,1,2,1,4,4,3,1,2,4,3,3,1,2,3,3,2,3,1,1,2,4,3,2,26,127,15,30,29,27,26
212,212,21106,Vrouw,10/97,2,2,2,2,1,1,4,2,3,2,3,1,2,2,3,1,2,3,2,3,4,2,2,1,3,2,3,3,4,2,2,1,1,1,3,2,2,4,3,1,3,3,2,2,2,2,2,3,4,1,25,126,33,27,25,25,16
213,213,20437,Vrouw,08/1997,2,3,2,3,2,2,4,3,3,2,2,3,4,4,1,4,2,2,3,3,4,3,3,1,1,3,1,2,1,3,2,2,3,1,3,3,1,2,4,2,4,1,3,1,3,3,1,3,2,4,11,99,22,19,16,18,24
214,214,20371,Vrouw,06/1997,3,2,4,3,3,2,4,3,4,2,2,3,3,4,2,4,1,2,4,4,4,2,4,1,3,3,2,3,2,3,2,2,3,3,3,2,2,3,1,2,4,3,1,2,2,2,3,3,2,1,18,111,20,24,25,22,20
215,215,21016,Man,06/97,2,3,1,2,2,1,4,1,4,1,2,2,4,1,1,2,2,4,4,4,4,3,2,2,1,2,2,3,2,1,1,2,3,1,4,2,2,3,4,1,2,3,1,2,3,3,1,2,1,1,12,92,22,18,21,17,14
216,216,20860,Vrouw,06/97,3,2,2,3,3,3,3,2,4,2,3,2,4,1,3,3,2,3,3,3,3,3,3,1,3,3,3,2,1,2,2,2,2,3,4,2,2,3,4,2,4,3,3,2,3,2,3,2,1,3,12,103,18,22,24,21,18
217,217,20722,Vrouw,01/1997,2,3,2,3,1,4,3,1,4,3,3,2,4,4,2,3,1,3,4,3,3,3,4,2,4,3,3,2,3,3,2,2,3,1,3,2,2,2,3,3,4,3,3,1,2,3,2,3,3,4,15,109,22,22,22,20,23
218,218,20347,Vrouw,09/97,1,1,2,3,2,2,1,2,3,2,1,2,1,2,2,3,2,1,2,2,2,3,1,1,2,2,1,2,1,2,2,3,2,1,1,2,2,3,2,2,1,2,1,2,2,1,2,2,1,2,23,127,24,24,26,29,24
219,219,21169,Vrouw,03/1997,3,3,1,2,3,1,4,1,3,1,3,2,4,1,1,3,1,3,3,3,4,4,2,1,1,4,2,1,4,4,1,2,4,1,1,2,2,1,3,2,4,1,1,3,2,2,1,3,1,4,15,101,26,20,21,16,18
220,220,21022,Vrouw,04/1997,3,3,2,2,1,3,3,2,3,1,2,1,3,4,2,3,2,3,4,3,2,1,3,1,2,1,3,3,2,1,2,3,2,2,2,3,3,3,1,2,4,1,2,2,1,2,2,3,2,2,21,124,23,26,24,28,23
221,221,20989,Vrouw,13/11/1997,1,2,1,1,1,4,3,3,2,1,1,1,4,1,1,3,1,1,4,4,3,4,4,1,2,4,1,4,1,1,4,1,4,1,4,1,3,1,3,1,1,1,1,1,3,4,1,2,4,1,15,98,24,15,22,18,19
222,222,20851,Vrouw,26/01/1996,2,2,2,3,1,2,2,1,3,1,1,1,3,1,3,3,1,3,3,4,3,3,4,3,3,2,1,1,4,2,1,1,4,1,4,1,3,2,3,1,2,1,1,1,4,2,1,3,2,1,17,102,25,18,23,17,19
223,223,20206,Vrouw,09/97,3,2,2,2,2,1,3,2,4,2,3,2,4,4,3,4,2,3,3,2,2,1,1,1,3,2,2,1,1,1,2,2,1,4,2,2,3,3,2,3,4,3,2,3,2,1,2,2,1,4,26,125,21,25,28,26,25
224,224,20521,Vrouw,15/12/1997,3,3,3,3,3,3,3,2,3,3,3,3,3,2,2,2,1,2,4,2,3,3,3,2,3,2,3,2,2,3,3,3,3,2,2,3,2,4,4,2,2,3,3,2,2,3,2,3,3,3,20,118,21,24,24,25,24
225,225,20302,Vrouw,12/1997,2,1,1,2,3,4,4,1,4,3,2,2,3,2,1,3,1,4,4,4,4,2,4,3,3,4,3,2,1,4,2,2,2,2,1,2,3,2,4,2,4,2,1,2,2,3,2,2,2,2,16,104,18,22,28,19,17
226,226,20335,Vrouw,01/1997,3,2,1,3,3,4,4,1,4,3,1,4,3,1,1,4,1,3,4,4,4,4,4,2,1,4,3,1,2,3,1,1,4,1,2,1,1,1,3,1,4,4,1,1,4,3,1,4,2,1,7,76,15,15,19,16,11
227,227,21082,Man,06/97,2,2,2,3,4,2,3,2,4,3,2,3,4,1,1,2,1,3,3,4,2,2,3,1,2,3,3,2,1,3,2,2,3,2,3,2,2,2,3,1,3,2,2,1,3,2,2,3,3,1,14,102,20,20,25,20,17
228,228,20563,Vrouw,07/97,2,2,1,3,3,2,3,1,4,2,2,1,3,2,1,4,2,3,4,4,3,3,2,3,3,3,2,3,3,3,2,3,4,2,3,2,3,2,4,1,4,2,2,2,3,3,3,2,2,2,15,105,25,21,24,18,17
229,229,20386,Vrouw,06/97,2,2,1,3,1,2,3,1,3,1,1,1,3,2,1,2,1,3,4,4,4,4,3,2,1,3,1,2,4,4,1,1,3,1,3,1,1,1,3,1,4,3,2,1,3,3,1,2,3,1,10,91,29,15,18,16,13
230,230,20407,Vrouw,09/95,3,2,2,3,3,3,3,2,4,1,1,3,4,3,1,3,1,3,4,3,3,3,3,2,2,3,2,2,3,3,2,3,3,2,4,2,3,2,3,2,3,3,2,2,3,3,2,3,3,3,10,102,21,18,23,18,22
231,231,20533,Vrouw,03/95,1,2,1,2,2,4,4,3,4,1,1,1,3,1,1,2,1,2,4,3,4,4,3,1,2,4,2,2,3,4,3,2,4,1,2,1,4,1,3,1,4,3,2,1,3,3,2,3,4,1,16,99,25,18,24,18,14
232,232,20905,Man,11/96,3,2,2,2,2,2,3,2,3,3,4,1,2,2,2,2,2,3,2,3,2,2,2,2,3,2,2,3,3,2,2,2,2,3,4,2,3,3,3,2,3,3,2,3,3,2,3,2,3,2,26,127,29,26,29,22,21
233,233,20803,Vrouw,10/1996,3,3,3,2,1,1,1,3,1,3,4,2,1,2,4,1,4,2,1,1,1,1,1,2,1,1,2,2,2,1,1,1,4,1,2,1,2,1,2,1,4,3,2,1,2,3,1,2,2,2,25,128,30,26,22,26,24
234,234,21478,Vrouw,06/1997,2,2,1,2,1,2,4,1,4,3,3,1,4,1,2,4,1,3,4,4,1,2,2,1,1,2,3,4,1,4,1,2,1,2,4,2,3,2,2,1,2,1,2,2,4,2,2,3,4,4,25,117,29,22,24,21,21
235,235,20656,Vrouw,05/97,4,2,1,1,3,4,4,1,4,2,1,3,4,3,1,3,1,3,4,3,2,3,4,1,1,3,2,3,1,3,1,2,1,2,2,2,2,1,3,1,4,1,2,1,2,4,1,3,2,1,12,92,17,16,22,19,18
236,236,20881,Vrouw,10/1995,2,3,2,2,3,4,4,3,4,4,2,2,3,2,2,1,2,4,4,2,3,3,4,1,3,4,3,4,1,4,3,4,3,1,3,2,4,2,3,4,4,3,1,2,3,2,2,3,1,4,19,116,19,22,32,19,24
237,237,20284,Vrouw,20-07-1997,3,4,2,3,1,4,4,2,4,4,3,2,3,2,1,2,2,4,4,3,3,2,4,2,3,2,2,2,4,3,3,3,2,1,4,3,3,3,3,2,3,3,3,2,2,1,2,2,1,1,18,110,21,23,26,21,19
238,238,21172,Vrouw,22/04/1997,1,2,1,2,4,3,2,1,3,2,2,3,3,2,2,3,1,3,3,3,2,3,3,2,2,3,2,2,2,2,2,2,3,2,2,3,3,2,3,2,3,3,2,2,2,3,2,2,2,2,10,107,19,24,24,21,19
239,239,20623,Vrouw,02/97,2,2,1,2,2,1,4,2,1,1,2,1,2,2,2,2,2,4,2,3,2,2,2,2,3,2,2,3,4,3,1,2,2,2,4,2,2,3,3,2,2,3,2,2,3,2,2,2,4,2,24,123,35,23,25,19,21
240,240,20191,Vrouw,04/1997,3,3,2,2,3,4,3,2,3,4,3,3,2,1,3,2,2,3,3,3,4,2,4,3,2,2,3,2,1,2,1,3,2,2,3,2,3,3,3,3,3,3,2,3,3,2,2,2,2,3,19,114,17,25,28,23,21
241,241,20383,Vrouw,01/93,3,2,1,2,1,2,4,2,3,1,1,1,1,2,1,3,1,3,2,4,2,4,2,3,3,4,1,3,3,1,1,1,3,1,3,1,2,1,3,2,2,4,3,2,2,3,1,2,3,1,16,100,29,18,20,14,19
242,242,21232,Man,08/97,1,4,2,1,4,3,4,2,4,3,3,4,4,2,2,1,1,2,4,4,3,4,3,2,1,2,4,1,2,1,2,4,2,1,2,1,4,2,3,1,4,4,4,1,3,4,1,1,1,1,12,93,13,17,24,24,15
243,243,21244,Vrouw,02/96,1,3,1,3,1,3,4,1,3,2,1,2,3,2,1,3,1,3,3,3,3,4,3,2,2,4,2,2,3,3,2,2,3,1,2,1,2,1,4,2,3,3,2,1,3,4,1,2,3,2,8,95,26,16,19,16,18
244,244,21073,Vrouw,07/1997,4,1,2,2,3,4,4,1,1,4,4,2,1,1,2,2,3,4,1,4,4,2,2,2,4,1,1,3,1,2,4,2,1,4,3,2,2,4,3,1,1,4,1,4,2,1,3,3,1,3,27,130,24,29,34,26,17
245,245,21382,Vrouw,07/1997,2,1,1,2,1,1,4,1,2,1,3,1,4,1,2,1,1,4,2,1,4,3,2,2,4,3,3,3,1,4,2,1,1,2,4,1,1,2,4,1,3,3,2,2,3,2,2,3,4,1,21,114,33,21,26,18,16
246,246,20404,Vrouw,10/1997,2,2,1,2,3,3,3,1,3,1,2,2,1,2,2,4,2,2,3,4,4,3,2,3,1,3,1,3,2,3,2,1,4,1,4,2,1,2,3,1,4,4,4,2,3,3,1,2,2,1,10,92,24,22,15,18,13
247,247,20833,Vrouw,01/1996,3,3,2,3,2,2,3,1,2,2,3,2,3,2,3,2,3,3,4,4,3,3,2,2,3,3,2,2,2,3,2,2,4,3,4,2,2,3,3,2,2,4,2,3,3,2,1,2,3,1,18,110,26,22,25,20,17
248,248,21454,Vrouw,04/10/1997,1,2,2,3,2,3,3,1,4,1,2,2,4,3,1,3,2,3,3,3,3,3,3,1,2,3,2,1,1,4,1,2,3,2,3,2,2,2,4,1,4,2,1,2,3,3,1,2,2,2,8,98,21,19,22,18,18
249,249,21043,Man,08/1996,2,2,1,3,3,2,4,1,3,1,3,3,4,2,1,4,2,3,4,4,4,2,2,1,4,1,2,2,4,2,1,1,2,2,4,2,1,4,1,1,4,1,4,2,2,2,2,1,2,1,15,101,23,21,19,24,14
250,250,20875,Vrouw,11/1996,2,2,2,2,2,3,3,2,4,2,2,2,2,2,2,3,2,3,4,2,3,3,3,2,2,3,3,3,1,3,2,2,3,2,3,2,2,2,3,2,3,3,3,2,3,3,2,3,2,2,11,108,21,23,22,21,21
251,251,21304,Vrouw,03/97,2,3,1,2,3,3,3,2,3,3,3,3,3,2,2,3,2,3,3,3,3,3,3,2,1,2,3,2,3,3,2,2,3,1,3,2,2,3,3,3,4,2,3,2,3,3,1,3,4,3,14,110,24,22,20,23,21
252,252,20482,Vrouw,05/97,2,2,1,3,2,2,4,1,4,2,1,1,3,1,2,3,1,3,4,4,4,4,3,2,3,3,2,3,2,3,2,2,4,2,4,2,3,1,2,2,4,3,2,1,3,3,2,2,1,2,11,95,23,18,24,16,14
253,253,21673,Man,08/96,2,2,1,3,1,2,2,1,4,2,1,2,4,2,1,3,1,2,3,4,2,3,3,4,1,3,1,3,2,3,2,2,4,1,4,1,1,1,2,2,4,3,2,1,4,4,1,1,1,2,13,92,24,13,18,18,19
254,254,21154,Vrouw,02/97,2,3,1,2,3,1,4,2,4,3,1,3,3,2,2,4,1,4,4,4,4,4,3,2,2,4,2,2,2,3,1,2,3,1,3,1,2,1,1,1,2,3,3,1,4,3,2,2,3,2,8,91,22,16,20,16,17
255,255,20698,Man,12/1996,2,3,2,2,2,2,3,2,3,2,3,2,3,2,1,2,2,3,3,3,2,2,2,2,2,2,3,2,4,2,1,2,3,2,3,3,4,3,4,1,4,4,2,1,2,2,2,2,3,2,20,115,27,23,26,21,18
256,256,20911,Vrouw,02/97,3,3,1,2,3,4,4,1,4,1,1,3,4,1,1,2,2,3,4,4,4,3,3,1,1,4,1,3,1,3,1,1,4,1,4,1,2,1,4,1,4,2,2,1,4,4,1,2,2,1,6,73,18,13,18,12,12
257,257,21694,Man,06/1997,2,2,2,3,2,2,3,1,3,1,2,3,4,2,2,4,2,3,3,3,3,4,3,1,1,3,2,2,4,3,2,3,4,2,4,2,1,2,3,2,3,2,3,1,3,3,2,2,2,2,8,98,25,18,18,18,19
258,258,21694,Man,06/1997,3,3,2,3,2,2,3,2,3,2,2,3,4,2,1,3,2,3,3,3,4,4,3,1,1,3,2,2,3,3,2,3,4,2,4,2,2,2,4,2,3,2,2,1,3,4,2,2,3,2,8,97,25,16,20,17,19
259,259,20236,Man,09/97,3,3,2,2,3,2,1,1,3,2,2,3,3,2,2,1,2,3,3,3,3,1,3,2,3,2,2,3,3,3,2,2,3,1,4,2,3,3,3,2,2,2,3,2,2,2,3,2,3,1,18,117,25,24,25,23,20
260,260,21412,Vrouw,08/1997,3,2,3,2,3,3,2,3,3,3,2,3,4,4,1,4,1,3,2,3,1,3,4,1,3,2,2,3,4,4,2,2,4,2,3,2,3,2,2,1,4,2,1,2,2,3,1,2,4,2,20,116,27,18,26,21,24
261,261,21274,Vrouw,11/01/1997,1,3,2,2,3,3,4,1,4,1,1,4,4,1,1,2,1,2,4,3,2,3,3,1,2,3,2,3,2,3,3,2,2,1,2,2,1,1,3,1,4,2,1,1,2,3,1,2,4,2,14,98,21,18,21,21,17
262,262,20527,Vrouw,31/05/1997,2,2,1,3,2,1,1,2,2,3,3,2,2,1,1,1,2,2,2,3,4,2,2,2,3,2,2,2,2,3,2,4,1,2,3,2,4,2,1,1,3,1,1,2,3,1,3,2,3,3,28,133,29,24,33,28,19
263,263,20275,Vrouw,05/95,3,2,1,1,3,3,4,1,4,4,4,1,1,1,1,3,4,2,2,4,4,1,1,2,3,1,1,2,3,4,1,4,3,2,2,1,3,4,2,1,2,1,1,4,4,1,4,2,3,4,28,133,28,27,33,26,19
264,264,21409,Vrouw,26/1/96,2,2,2,3,3,3,2,3,4,4,3,3,4,4,1,3,2,4,4,2,2,2,4,2,3,1,3,2,2,1,2,4,3,1,2,1,4,3,4,4,4,2,1,2,2,1,2,2,3,4,24,122,17,21,31,24,29
265,265,21640,Vrouw,05/1997,3,3,1,3,1,3,4,1,4,1,1,2,2,1,2,3,1,3,4,4,4,4,4,1,4,1,1,2,1,3,1,1,2,2,3,1,1,1,4,1,4,3,2,1,4,4,1,1,3,1,9,82,21,14,19,17,11
266,266,20944,Vrouw,05/1997,2,3,2,3,2,2,4,2,4,2,1,2,3,2,2,3,1,2,3,4,3,4,3,2,2,4,2,4,3,4,2,3,2,1,2,2,2,1,3,2,4,1,3,1,3,4,1,2,4,2,13,104,29,17,19,19,20
267,267,20395,Vrouw,06/97,2,2,2,2,3,3,3,1,4,2,2,4,4,2,1,3,1,2,4,3,4,4,4,2,3,3,2,2,3,3,3,2,3,2,3,2,2,2,3,2,3,2,2,2,3,1,2,2,3,3,13,104,19,18,26,21,20
268,268,20854,Vrouw,08/1997,1,2,1,1,1,3,4,1,3,3,2,2,3,2,2,4,1,3,4,3,4,3,3,1,3,1,3,3,1,3,2,2,1,1,1,3,1,2,1,1,3,3,2,1,2,1,1,4,3,2,20,115,24,24,25,27,15
269,269,21061,Vrouw,02/1997,2,1,1,3,2,2,4,1,3,1,2,2,4,2,3,3,2,3,2,3,3,3,2,3,3,3,3,3,4,3,3,1,4,2,4,2,1,2,3,2,3,3,1,2,3,2,1,2,3,2,18,111,30,20,23,19,19
270,270,20467,Vrouw,06-12-1997,2,2,2,2,2,2,2,3,2,2,2,2,2,2,2,2,2,2,2,2,2,2,2,2,4,3,3,2,2,3,3,2,3,2,3,3,2,3,2,3,4,2,2,3,2,2,3,3,3,3,34,134,28,28,27,26,25
271,271,21142,Man,06/97,3,3,1,3,2,4,4,1,4,2,1,2,4,1,2,2,1,3,3,3,3,3,2,3,4,4,4,3,2,4,1,3,3,1,3,2,4,1,3,1,3,2,3,1,3,4,1,2,3,1,13,99,25,16,24,17,17
272,272,20176,Vrouw,19/06/1997,3,1,2,2,2,4,1,1,2,1,3,2,1,1,2,2,3,3,2,3,3,2,4,3,3,1,2,3,3,2,2,2,2,2,3,2,2,3,2,2,4,1,1,3,2,1,3,2,1,2,26,126,23,27,28,28,20
273,273,21502,Vrouw,16/05/1996,2,2,1,2,1,2,4,1,4,3,2,2,3,2,2,3,1,3,3,3,4,3,2,2,1,3,2,3,4,3,1,2,4,1,1,2,1,2,3,2,4,2,2,1,3,3,2,2,3,1,15,104,29,20,21,18,16
274,274,20566,Vrouw,10/1996,4,4,1,3,4,4,4,1,4,1,2,2,2,1,3,1,4,3,4,4,4,2,3,2,1,2,2,2,2,3,1,1,2,1,4,2,1,4,4,1,3,4,2,3,3,4,1,1,2,1,12,89,18,21,16,22,12
275,275,20230,Vrouw,05-09-1997,2,2,2,2,2,2,3,3,4,2,2,3,2,2,3,3,2,2,4,4,4,3,3,2,3,2,2,2,3,3,2,2,3,3,3,2,2,2,2,2,3,2,2,2,3,2,2,2,3,3,20,116,23,23,26,23,21
276,276,20209,Man,02/97,2,2,2,3,2,2,3,1,2,2,2,2,3,1,2,2,2,1,3,4,3,2,2,2,3,2,2,3,2,2,2,2,3,1,2,2,3,2,3,1,3,2,2,2,3,2,2,3,2,2,19,115,26,23,25,24,17
277,277,2150,Man,24 /10 / 1997,2,2,1,2,2,1,3,3,4,3,2,1,4,1,1,1,2,3,3,3,1,4,2,4,3,2,4,4,2,1,2,4,2,2,3,1,4,1,1,1,3,2,1,1,1,3,1,1,2,1,23,121,26,16,32,25,22
278,278,20956,Vrouw,09/97,1,2,1,3,3,2,4,1,3,2,3,1,1,3,3,4,3,4,2,4,4,2,2,2,1,2,2,3,3,4,2,2,4,2,4,2,2,3,4,1,4,3,3,2,3,3,3,2,4,2,19,111,31,28,19,18,15
279,279,21406,Vrouw,11/97,4,2,1,4,1,2,4,1,4,1,1,1,4,4,1,4,2,3,4,4,2,4,4,4,1,4,1,1,2,4,1,1,4,2,1,1,1,2,3,1,4,2,4,2,3,2,2,3,4,2,13,93,25,15,15,17,21
280,280,21226,Man,12/97,2,2,1,3,2,2,3,1,4,2,1,2,3,1,1,3,1,3,3,4,4,4,3,2,2,3,2,3,1,4,1,2,3,1,4,1,2,2,3,3,4,3,1,1,3,2,1,1,2,1,10,92,24,14,23,17,14
281,281,21007,Vrouw,08/1997,3,2,2,2,3,1,3,2,2,2,3,2,4,2,2,2,2,3,2,3,3,3,1,2,3,3,2,3,3,3,2,3,2,2,3,2,2,2,3,2,4,3,2,2,3,3,2,2,4,3,18,119,32,20,26,21,20
282,282,21313,Man,06/1995,3,2,1,3,1,1,3,2,3,3,3,2,3,2,3,2,2,3,2,3,4,3,1,1,3,2,2,3,4,1,2,2,1,2,3,2,4,2,2,3,3,3,3,2,3,2,2,2,1,2,19,120,29,22,27,24,18
283,283,21463,Vrouw,01/1997,1,3,2,2,2,3,2,2,4,2,3,3,4,3,2,2,2,3,4,3,3,2,3,2,2,2,2,3,3,2,2,2,3,2,1,1,3,3,4,2,4,3,2,2,2,1,2,3,3,3,20,117,22,24,26,24,21
284,284,20818,Vrouw,08/96,2,2,1,2,2,4,4,1,4,3,2,2,3,3,1,3,1,3,4,4,3,3,3,1,4,3,2,2,1,3,2,2,4,2,1,1,4,1,3,1,4,3,3,1,4,2,2,4,3,3,15,101,20,19,28,18,16
285,285,20977,Man,29 mei 1997,2,2,1,2,2,4,3,1,4,3,3,3,4,2,1,2,2,4,4,3,3,3,4,1,3,3,2,2,1,3,3,4,3,2,1,2,3,2,3,2,3,3,3,1,3,3,2,2,1,3,14,103,16,19,28,22,18
286,286,21379,Vrouw,01-1997,2,1,1,3,3,3,3,2,4,2,2,3,4,3,1,2,2,3,3,3,2,3,3,2,3,2,1,3,3,3,2,2,3,2,3,1,1,2,3,3,3,3,2,1,3,2,2,2,3,2,14,107,23,17,25,20,22
287,287,21298,Vrouw,04/1997,2,2,1,3,2,4,4,1,4,2,1,3,4,3,1,4,1,4,4,3,1,3,4,1,1,2,3,3,2,1,1,2,4,2,4,2,2,2,4,2,4,3,4,1,3,3,1,2,3,1,9,85,18,16,18,15,18
288,288,21166,Vrouw,03/1995,3,2,2,3,1,3,3,2,4,4,4,3,3,1,3,4,3,4,4,3,3,2,3,1,2,2,3,3,1,3,3,3,2,3,3,2,3,4,2,3,4,3,4,4,3,3,3,3,2,3,23,119,21,28,24,27,19
289,289,20608,Vrouw,10/96,2,2,2,4,4,4,4,2,4,2,2,4,4,4,1,4,1,3,4,3,4,1,4,3,2,3,2,1,1,2,2,1,4,2,1,1,2,2,3,3,4,3,1,1,3,3,3,3,1,2,10,93,11,21,20,19,22
290,290,21547,Man,08/07/1993,2,2,1,3,2,3,3,1,2,2,2,2,2,1,2,3,1,1,2,3,2,2,3,2,3,1,1,3,2,2,3,2,4,4,2,3,2,2,3,2,2,3,2,3,2,3,3,1,2,2,22,118,25,26,25,23,19
291,291,21475,Vrouw,09/1997,1,2,2,1,1,2,3,1,4,2,2,1,4,1,2,3,1,1,2,2,2,1,4,4,4,2,1,2,2,4,2,1,4,1,1,1,2,1,2,1,4,3,2,2,2,1,2,3,1,2,21,117,25,24,26,22,20
292,292,20344,Vrouw,06/96,2,3,3,2,3,4,3,2,4,2,2,4,3,2,1,4,1,1,3,3,4,3,4,1,1,3,3,2,1,4,2,3,3,1,1,1,2,2,2,1,4,2,2,1,3,3,2,4,3,1,13,100,18,20,20,25,17
293,293,21067,Vrouw,09/97,2,2,1,2,3,3,4,2,4,1,2,2,4,3,1,3,2,3,4,3,3,4,3,2,2,3,2,3,2,4,2,2,4,2,4,2,2,2,4,2,4,4,2,2,4,2,2,2,4,2,10,98,24,17,23,16,18
294,294,21505,Vrouw,03/93,2,3,2,3,2,2,1,3,4,2,1,2,4,1,1,3,1,2,3,2,1,4,3,1,1,4,2,2,3,3,2,1,3,1,2,2,2,1,4,4,4,3,2,1,3,2,2,2,3,3,17,104,25,16,19,20,24
295,295,21436,Vrouw,04/97,1,2,2,3,3,4,3,1,4,3,1,3,4,2,1,2,1,1,4,3,4,4,4,1,4,4,2,3,3,3,2,3,4,2,1,2,3,1,2,1,4,2,2,1,1,2,1,3,1,1,18,102,18,19,29,21,15
296,296,21334,Vrouw,07/97,3,3,1,2,1,2,4,1,3,1,1,1,4,3,1,3,1,2,3,3,4,4,4,4,3,2,2,3,3,3,1,2,1,3,2,1,3,2,3,1,3,3,2,1,2,3,1,2,4,1,19,107,29,14,24,22,18
297,297,20326,Man,04/92,1,2,1,2,3,3,4,1,4,4,4,2,1,2,1,2,4,4,4,4,2,1,3,1,3,3,1,2,3,2,1,3,2,1,3,4,4,4,4,3,3,4,2,3,4,1,3,2,2,4,24,120,20,30,31,20,19
298,298,21058,Vrouw,01/96,3,2,2,1,1,3,2,3,4,3,3,1,4,1,2,2,2,3,4,3,3,2,2,1,3,1,2,3,3,3,1,3,3,2,2,1,3,2,2,1,4,2,2,3,3,1,3,2,1,3,26,121,25,22,31,24,19
299,299,21124,Vrouw,12/96,1,1,1,3,1,2,4,1,4,1,3,1,2,4,2,2,3,4,3,4,3,2,1,1,3,1,1,3,3,1,1,2,2,2,3,1,3,4,3,1,4,1,2,2,4,1,2,2,3,4,24,120,28,23,27,22,20
300,300,21664,Vrouw,08/97,2,2,2,2,3,2,2,3,2,2,3,2,3,2,2,2,2,3,2,3,2,3,3,2,2,2,2,2,3,2,2,2,2,3,2,3,2,2,2,3,2,3,3,2,3,2,2,3,3,2,24,124,26,24,25,25,24
301,301,21097,Vrouw,12/96,1,1,3,1,2,4,4,3,4,2,1,2,4,2,1,3,1,2,4,3,3,4,3,1,2,4,4,3,2,3,2,3,3,2,1,2,4,1,1,2,4,1,1,1,3,2,1,2,3,2,19,113,22,16,30,23,22
302,302,20932,Vrouw,7041996,2,3,1,3,4,4,3,1,4,1,1,2,4,1,2,4,1,1,4,4,4,4,2,1,3,4,1,2,1,1,2,2,4,1,2,2,1,1,3,4,4,1,3,1,2,2,1,2,1,1,10,84,15,17,18,18,16
303,303,21070,Vrouw,04/22,2,2,1,3,2,3,3,1,4,1,3,2,2,1,3,3,2,4,4,2,4,1,2,1,3,2,1,2,2,1,1,1,1,2,1,2,2,3,3,1,3,4,1,3,3,2,2,3,2,1,19,107,20,28,23,23,13
304,304,20359,Vrouw,08/11/1995,2,1,1,1,1,1,3,1,3,1,4,1,1,2,2,2,3,4,3,4,4,1,2,2,4,4,1,4,3,1,2,1,3,3,4,1,3,4,4,1,2,4,1,3,3,1,3,3,3,1,25,122,30,29,31,18,14
305,305,20908,Vrouw,07/97,2,3,2,3,4,4,4,1,4,2,2,3,4,3,2,3,1,4,4,3,3,2,3,2,2,2,2,2,2,2,2,2,3,1,2,2,2,2,3,2,4,2,2,1,3,2,1,2,2,2,8,95,16,19,21,19,20
